episode,score,reward,epsilon,avg_td_loss
1,1,-0.7299999999999969,0.995,1.53612020611763
2,0,-10.21,0.990025,1.5286602885885672
3,0,-10.33,0.985074875,1.1691398432149607
4,0,-10.22,0.9801495006250001,0.7085463676763617
5,0,-10.25,0.9752487531218751,0.7170739320035164
6,1,-0.32999999999999474,0.9703725093562657,1.179916325211525
7,0,-10.41,0.9655206468094844,0.6851420567503997
8,0,-10.08,0.960693043575437,0.7819507469733556
9,0,-10.21,0.9558895783575597,0.534100351008502
10,0,-10.46,0.9511101304657719,0.35672440411562617
11,0,-10.290000000000001,0.946354579813443,0.3987255175908407
12,0,-10.24,0.9416228069143757,0.532735048532486
13,0,-10.31,0.9369146928798039,0.27494650543667376
14,1,-0.4599999999999973,0.9322301194154049,0.33059465590243536
15,0,-10.99,0.9275689688183278,0.625547656416893
16,0,-10.11,0.9229311239742362,0.5452596812198559
17,0,-10.1,0.918316468354365,0.4792271026156165
18,0,-10.08,0.9137248860125932,0.5849734644095103
19,0,-10.2,0.9091562615825302,0.47726354286784217
20,0,-10.09,0.9046104802746175,0.5646031275391579
21,0,-10.370000000000001,0.9000874278732445,0.6727301015665657
22,0,-10.16,0.8955869907338783,1.0182678419000961
23,0,-10.19,0.8911090557802088,1.0850834622979164
24,2,9.449999999999985,0.8866535105013078,1.049469447598375
25,0,-10.42,0.8822202429488013,1.006298774896666
26,0,-10.16,0.8778091417340573,0.958094414542703
27,0,-10.08,0.8734200960253871,1.1125849386056264
28,0,-10.1,0.8690529955452602,1.2826285362243652
29,0,-10.46,0.8647077305675338,0.787559855174511
30,0,-10.290000000000001,0.8603841919146962,0.5726079210639
31,0,-10.09,0.8560822709551227,0.6444462522864342
32,0,-10.23,0.851801859600347,0.5005315809200207
33,0,-10.57,0.8475428503023453,0.580142380220109
34,0,-10.07,0.8433051360508336,0.5336736217141151
35,0,-10.2,0.8390886103705794,0.5782999226025173
36,0,-10.19,0.8348931673187264,0.6489822912961245
37,0,-10.17,0.8307187014821328,0.9126951711045371
38,1,-0.41000000000000014,0.8265651079747222,0.8352965885816619
39,0,-10.21,0.8224322824348486,0.7099321254275062
40,0,-10.09,0.8183201210226743,0.6175968766212463
41,0,-10.46,0.8142285204175609,0.8689883306939551
42,1,-0.09999999999999787,0.810157377815473,0.7971672788262367
43,0,-10.07,0.8061065909263957,0.6653451025485992
44,0,-10.43,0.8020760579717637,0.8907864026047967
45,0,-10.21,0.798065677681905,0.8439922034740448
46,1,-1.3099999999999898,0.7940753492934954,0.7640522320691804
47,2,8.869999999999962,0.7901049725470279,0.71559913379365
48,0,-10.25,0.7861544476842928,0.5671980403936826
49,0,-10.34,0.7822236754458713,0.6783040774720056
50,1,-1.0299999999999905,0.778312557068642,0.7505716939767202
51,0,-10.15,0.7744209942832988,0.5628292644396424
52,0,-10.14,0.7705488893118823,0.6852663685878118
53,0,-10.31,0.7666961448653229,0.5948366690427065
54,1,-0.4999999999999911,0.7628626641409962,0.716194509743498
55,1,-0.769999999999996,0.7590483508202912,0.8319340367105943
56,4,29.67000000000001,0.7552531090661897,0.83237766043136
57,0,-10.06,0.7514768435208588,0.8377331835883004
58,0,-10.33,0.7477194593032545,0.9204065300085965
59,1,-0.16000000000000014,0.7439808620067382,0.8949934475951724
60,3,19.609999999999992,0.7402609576967045,0.7996143573938415
61,0,-10.26,0.736559652908221,1.05078226769412
62,1,-0.21000000000000085,0.7328768546436799,0.8110687758611597
63,1,-0.38999999999999524,0.7292124703704616,0.7280923695099063
64,1,-0.5199999999999942,0.7255664080186093,0.7763117692536778
65,2,9.680000000000007,0.7219385759785162,0.8740854050431933
66,1,-0.2099999999999973,0.7183288830986236,0.8475721089736276
67,0,-10.09,0.7147372386831305,1.2291906595230102
68,1,-0.11999999999999922,0.7111635524897149,1.3841854610613413
69,2,9.84,0.7076077347272662,1.9455593824386597
70,0,-10.58,0.7040696960536299,1.2611701074293105
71,1,-0.4799999999999933,0.7005493475733617,1.3320957005023957
72,0,-10.09,0.697046600835495,1.1034587621688843
73,1,-0.07000000000000028,0.6935613678313175,1.3425087730089824
74,1,-0.5299999999999976,0.6900935609921609,1.188943712277846
75,1,-0.819999999999995,0.6866430931872001,1.1348114194614547
76,0,-10.13,0.6832098777212641,1.4009441350187575
77,1,-0.5799999999999876,0.6797938283326578,1.2898618802428246
78,0,-10.26,0.6763948591909945,1.220251699288686
79,0,-10.64,0.6730128848950395,1.5082630226245293
80,1,-0.24999999999999645,0.6696478204705644,1.7459166756382696
81,0,-10.17,0.6662995813682115,1.6387628548675113
82,1,-0.41999999999999815,0.6629680834613705,1.4333490431308746
83,0,-10.2,0.6596532430440636,1.372094641129176
84,0,-10.19,0.6563549768288433,1.4364176243543625
85,4,29.370000000000005,0.653073201944699,1.7284837777123732
86,1,-0.22999999999999687,0.6498078359349755,1.6421498155593872
87,1,-0.22999999999999865,0.6465587967553006,1.7440753602981567
88,1,-0.34999999999999787,0.6433260027715241,1.959518598543631
89,3,19.7,0.6401093727576664,1.6126220401595621
90,1,-0.0600000000000005,0.6369088258938781,1.2102765813469887
91,0,-10.18,0.6337242817644086,1.6830588641919588
92,1,-0.22000000000000064,0.6305556603555866,1.8175896058479946
93,0,-10.06,0.6274028820538087,1.2772545559065682
94,0,-10.2,0.6242658676435396,1.324918548266093
95,0,-10.14,0.6211445383053219,1.4357207973798116
96,1,-0.10999999999999943,0.6180388156137953,2.2126047702936025
97,2,9.659999999999961,0.6149486215357263,1.7131647209863405
98,1,-0.10999999999999943,0.6118738784280476,2.395179432172042
99,0,-10.19,0.6088145090359074,1.9072475969791411
100,2,9.850000000000001,0.6057704364907278,1.7905950380696192
101,1,-0.35999999999999766,0.6027415843082742,1.9370725452899933
102,1,-0.3000000000000007,0.5997278763867329,1.7646629139780998
103,0,-10.14,0.5967292370047992,1.5713151772816976
104,3,19.839999999999986,0.5937455908197752,1.8812174052000046
105,0,-10.21,0.5907768628656763,1.9244575988162647
106,2,9.109999999999992,0.5878229785513479,1.7763586653315502
107,1,-0.23999999999999844,0.5848838636585911,2.081975166614239
108,1,-0.2799999999999976,0.5819594443402982,2.727022425333659
109,1,-0.2999999999999954,0.5790496471185967,2.4309056624770164
110,1,-0.38999999999999524,0.5761543988830038,2.243732559971693
111,1,-0.1999999999999975,0.5732736268885887,2.526859687133269
112,4,28.93,0.5704072587541458,2.3803237857563153
113,1,-0.43999999999999595,0.567555222460375,2.2562003057935964
114,0,-10.12,0.5647174463480732,2.493874063858619
115,0,-10.2,0.5618938591163328,2.147975129740579
116,0,-10.33,0.5590843898207511,2.090703645173241
117,2,9.55,0.5562889678716474,2.2513115977247558
118,1,-0.08000000000000007,0.5535075230322891,2.4166399955749513
119,1,-0.3799999999999937,0.5507399854171277,2.1653477400541306
120,1,-0.11999999999999922,0.547986285490042,2.176546569381441
121,1,-0.1399999999999988,0.5452463540625918,2.437455266714096
122,2,9.609999999999982,0.5425201222922789,2.1387238942441487
123,1,-0.32999999999999297,0.5398075216808175,2.129906335898808
124,2,9.68999999999999,0.5371084840724134,2.300411641597748
125,1,-0.389999999999997,0.5344229416520513,2.1772703383027054
126,2,9.519999999999985,0.531750826943791,2.254480496341107
127,1,-0.1399999999999988,0.5290920728090721,2.4427196085453033
128,2,9.669999999999998,0.5264466124450268,2.207564772831069
129,2,9.850000000000001,0.5238143793828016,2.330359008577135
130,1,-0.11999999999999922,0.5211953074858876,2.1000737292425975
131,1,-0.259999999999998,0.5185893309484582,2.730311082942145
132,0,-10.28,0.5159963842937159,2.959967378912301
133,1,-0.129999999999999,0.5134164023722473,2.2503084182739257
134,1,-0.14000000000000057,0.510849320360386,2.7560909762978554
135,0,-10.27,0.5082950737585841,2.61473679116794
136,0,-10.36,0.5057535983897912,2.736731503460858
137,1,-0.6399999999999988,0.5032248303978422,2.6057423082264988
138,1,-0.24999999999999467,0.500708706245853,2.102830147301709
139,1,-0.129999999999999,0.4982051627146237,2.239754589398702
140,3,19.68999999999997,0.49571413690105054,2.6485982826777867
141,0,-10.19,0.4932355662165453,1.9261260747909545
142,3,19.669999999999995,0.4907693883854626,2.237368335595002
143,1,-0.14999999999999858,0.4883155414435353,2.1686269395491657
144,0,-10.15,0.4858739637363176,2.062865063548088
145,1,-0.0799999999999983,0.483444593917636,2.376839113235474
146,1,-0.3699999999999992,0.4810273709480478,2.1075677550756016
147,4,29.62999999999999,0.47862223409330756,2.0778919770604087
148,0,-10.11,0.47622912292284103,1.6947441796461742
149,4,29.579999999999963,0.4738479773082268,2.142663780679094
150,5,39.20000000000005,0.47147873742168567,2.024697480506675
151,2,9.760000000000002,0.46912134373457726,2.1270121932029724
152,0,-10.13,0.46677573701590436,2.4566274796213423
153,2,9.680000000000003,0.46444185833082485,2.3910231249673024
154,2,9.760000000000002,0.46211964903917074,2.2795250989772655
155,4,29.439999999999976,0.4598090507939749,2.48939356647554
156,4,29.769999999999982,0.457510005540005,2.2177983841725757
157,2,9.779999999999994,0.45522245551230495,2.6188733625411986
158,1,-0.17999999999999972,0.4529463432347434,2.0069240808486937
159,1,-0.07000000000000028,0.4506816115185697,2.1779580116271973
160,8,68.92999999999996,0.4484282034609769,2.327453271582209
161,1,-0.1899999999999995,0.446186062443672,2.5916171755109514
162,4,29.67999999999998,0.4439551321314536,2.5626941919326782
163,3,19.539999999999992,0.4417353564707963,2.490844395160675
164,0,-10.12,0.43952667968844233,2.375765617077167
165,6,49.13000000000004,0.43732904629000013,2.6275109039976243
166,1,-0.10999999999999943,0.4351424010585501,2.1306602404667783
167,3,19.689999999999998,0.43296668905325736,2.1831960439682008
168,2,9.799999999999997,0.43080185560799106,2.526791909466619
169,2,9.679999999999982,0.4286478463299511,2.494935546602522
170,4,29.299999999999997,0.42650460709830135,2.3738151280085247
171,3,19.799999999999997,0.42437208406280985,2.46407251060009
172,2,9.579999999999973,0.4222502236424958,2.6649102687835695
173,1,-0.10999999999999766,0.42013897252428334,2.7393675859157858
174,3,19.66999999999997,0.4180382776616619,2.5251266247517354
175,9,78.97999999999995,0.4159480862733536,2.604800314775535
176,2,9.849999999999998,0.41386834584198684,2.4207852615250482
177,2,9.559999999999992,0.4117990041127769,2.5601268119000373
178,0,-10.07,0.40974000909221303,2.6942922174930573
179,2,9.849999999999998,0.40769130904675194,2.2960826489660473
180,0,-10.11,0.40565285250151817,3.333354115486145
181,3,19.78999999999999,0.4036245882390106,2.650695242881775
182,1,-0.0600000000000005,0.4016064652978155,3.3399936705827713
183,4,29.580000000000013,0.3995984329713264,2.75232410684545
184,2,9.749999999999982,0.3976004408064698,2.9918483793735504
185,3,19.12999999999999,0.39561243860243744,3.0258735693418064
186,3,19.829999999999984,0.3936343764094253,3.4660867963518416
187,3,19.68999999999998,0.39166620452737816,3.229527245249067
188,2,9.8,0.3897078735047413,2.917726402697356
189,2,9.630000000000003,0.3877593341372176,2.916838654875755
190,2,9.569999999999979,0.3858205374665315,2.499045996562294
191,2,9.849999999999998,0.38389143477919885,2.115152186817593
192,2,9.70999999999999,0.3819719776053028,2.3900544680655003
193,0,-10.15,0.3800621177172763,2.350885756313801
194,2,9.530000000000001,0.37816180712868996,2.466856520175934
195,1,-0.29999999999999716,0.37627099809304654,2.557497128844261
196,1,-0.09999999999999964,0.3743896431025813,2.928213785092036
197,2,9.760000000000002,0.37251769488706843,2.383879952960544
198,3,19.649999999999988,0.3706551064126331,2.549471256060478
199,3,19.66,0.36880183088056995,2.4889772659853886
200,4,29.54999999999997,0.3669578217261671,2.9451735758781434
201,1,-0.14000000000000057,0.36512303261753626,2.5859959572553635
202,4,29.57000000000003,0.3632974174544486,2.5660008812944093
203,11,99.1699999999998,0.3614809303671764,2.8027727152171886
204,4,29.559999999999988,0.3596735257153405,2.900066550897092
205,4,29.65,0.3578751580867638,3.018814355134964
206,2,9.519999999999971,0.35608578229633,3.262667408176497
207,7,59.34,0.3543053533848483,3.3604346771497986
208,2,9.93,0.35253382661792404,3.1821066617965696
209,1,-0.1399999999999988,0.3507711574848344,3.082306817173958
210,3,19.569999999999993,0.34901730169741024,3.2128065494780844
211,5,39.58,0.3472722151889232,3.151591139535109
212,4,29.72999999999999,0.3455358541129786,2.9235188737511635
213,4,29.119999999999962,0.3438081748424137,3.080770819417892
214,5,39.52999999999999,0.3420891339682016,3.229774592057714
215,1,-0.09999999999999964,0.3403786882983606,3.1927754084269204
216,2,9.58999999999999,0.3386767948568688,3.0865749527107584
217,3,19.62999999999997,0.33698341088258443,3.0332823642870275
218,8,69.12999999999998,0.3352984938281715,3.06092627470692
219,5,39.580000000000005,0.33362200135903064,2.989688977599144
220,3,19.739999999999984,0.33195389135223546,2.977172577381134
221,4,29.73999999999998,0.3302941218954743,2.8305230371413694
222,3,19.639999999999993,0.32864265128599696,2.641817605495453
223,3,19.569999999999965,0.326999438029567,2.866905524375591
224,2,9.7,0.3253644408394192,2.6135295629501343
225,2,9.96,0.3237376186352221,3.1065713678087508
226,6,49.08000000000005,0.322118930542046,2.7190943679424247
227,2,9.679999999999989,0.32050833588933575,2.77716326713562
228,0,-10.08,0.31890579420988907,3.293305450015598
229,2,9.919999999999998,0.3173112652388396,2.9637399803508413
230,4,29.62999999999996,0.3157247089126454,2.985815397330693
231,3,19.599999999999984,0.3141460853680822,2.8836027058688076
232,2,9.790000000000003,0.3125753549412418,2.9739241351683936
233,2,9.739999999999988,0.31101247816653554,3.0333169246542044
234,2,9.74999999999999,0.30945741577570285,3.1933257452079227
235,2,9.659999999999972,0.3079101286968243,2.8598839044570923
236,2,9.829999999999991,0.3063705780533402,2.998622530698776
237,6,49.58999999999998,0.30483872516307353,2.764360435307026
238,0,-10.1,0.3033145315372582,3.4075191887942227
239,2,9.759999999999991,0.3017979588795719,2.4848280217912464
240,2,9.809999999999995,0.30028896908517405,3.1090941483324226
241,1,-0.1399999999999988,0.2987875242397482,2.461095556616783
242,1,-0.16999999999999993,0.29729358661854943,2.7249496296832434
243,2,9.869999999999997,0.29580711868545667,3.22708959877491
244,0,-10.08,0.2943280830920294,3.867254482375251
245,3,19.649999999999963,0.29285644267656924,3.2072645823160806
246,5,39.45999999999998,0.2913921604631864,3.2944367786248523
247,3,19.71999999999997,0.28993519966087045,3.0959505140781403
248,3,19.69999999999999,0.2884855236625661,3.2619472531711353
249,1,-0.10999999999999943,0.28704309604425327,3.7578093638786902
250,1,-0.07000000000000028,0.285607880564032,3.005372312333849
251,1,-0.10999999999999943,0.28417984116121187,3.0510404935249915
252,3,19.609999999999964,0.2827589419554058,2.829888110937074
253,1,-0.09999999999999964,0.28134514724562876,3.782027224699656
254,10,88.9699999999999,0.2799384215094006,2.9525443786068966
255,2,9.599999999999998,0.27853872940185365,3.187008960302486
256,4,29.68999999999997,0.27714603575484437,3.6002866095966763
257,6,49.40000000000005,0.2757603055760701,3.409088522640627
258,6,49.53000000000001,0.2743815040481898,3.6379893532505743
259,2,9.579999999999977,0.2730095965279488,3.776777489980062
260,1,-0.15000000000000036,0.27164454854530906,3.7059431496788475
261,4,29.619999999999976,0.2702863258025825,3.4653221008389496
262,1,-0.09999999999999787,0.2689348941735696,4.193548778692882
263,7,59.25999999999999,0.26759021970270175,3.543675041780239
264,1,-0.08000000000000007,0.2662522686041882,3.0755122542381286
265,8,69.17999999999994,0.2649210072611673,2.906723744266636
266,2,9.710000000000004,0.26359640222486147,3.0455321073532104
267,1,-0.29999999999999893,0.26227842021373715,2.7518379613757133
268,3,19.749999999999993,0.2609670281126685,2.7204336626776335
269,5,39.569999999999986,0.25966219297210513,3.6896262193212706
270,6,49.45000000000002,0.2583638820072446,3.791947907017123
271,11,98.79999999999971,0.2570720625972084,3.5843210220336914
272,6,49.320000000000014,0.25578670228422234,3.497378037770589
273,1,-0.16999999999999815,0.25450776877280124,3.7057188184637773
274,0,-10.12,0.2532352299289372,3.3227497064150295
275,8,69.46,0.2519690537792925,3.4582518963586715
276,3,19.62999999999998,0.2507092085103961,4.070648972581073
277,2,9.719999999999988,0.2494556624678441,4.079851327403899
278,2,9.839999999999993,0.24820838415550486,3.597649674666555
279,1,-0.21000000000000085,0.24696734223472733,3.7616733157116435
280,4,29.569999999999986,0.2457325055235537,3.990074947476387
281,2,9.650000000000006,0.24450384299593592,3.9926766533600655
282,6,49.18000000000002,0.24328132378095624,3.839019238279107
283,2,9.62999999999997,0.24206491716205145,3.360217720270157
284,1,-0.16999999999999815,0.2408545925762412,3.151831212796663
285,2,9.720000000000002,0.23965031961336,3.3140552813006985
286,1,-0.09999999999999964,0.2384520680152932,2.869739294052124
287,5,39.38999999999999,0.23725980767521673,3.1514490184499255
288,5,39.6,0.23607350863684065,3.0340487801510356
289,2,9.749999999999996,0.23489314109365644,3.2384184088025774
290,2,9.559999999999981,0.23371867538818816,3.1015934310060866
291,7,59.44,0.23255008201124722,3.717639032751322
292,2,9.84,0.231387331601191,3.339155535948904
293,3,19.769999999999992,0.23023039494318503,3.7885792167098433
294,1,-0.08999999999999986,0.2290792429684691,2.974871581250971
295,7,59.47999999999999,0.22793384675362674,3.5387109061082205
296,1,-0.10999999999999943,0.22679417751985861,4.366858583230239
297,4,29.49999999999997,0.22566020663225933,3.409375645897605
298,5,39.74999999999998,0.22453190559909803,3.7954508335359636
299,3,19.75999999999999,0.22340924607110255,3.7615639907973155
300,2,9.629999999999992,0.22229219984074702,3.974063295125961
301,0,-10.18,0.2211807388415433,3.3908086952410246
302,4,29.56999999999998,0.22007483514733558,3.320949986577034
303,1,-0.11999999999999744,0.2189744609715989,3.4238798788615634
304,4,29.619999999999976,0.2178795886667409,2.873347440431284
305,2,9.809999999999985,0.2167901907234072,3.034197585149245
306,6,49.390000000000036,0.21570623976979014,3.289350746309056
307,8,69.20999999999998,0.21462770857094118,3.3124831291762264
308,17,158.8400000000002,0.21355457002808648,3.8069555545920757
309,13,118.84999999999971,0.21248679717794605,3.3102469564408294
310,1,-0.08000000000000007,0.21142436319205632,2.836352527141571
311,4,29.680000000000007,0.21036724137609603,3.1431121503984607
312,7,59.39999999999998,0.20931540516921554,3.1092735003022587
313,6,49.40000000000004,0.20826882814336947,3.1419293844877783
314,0,-10.14,0.20722748400265262,3.2877193291982016
315,8,69.3599999999999,0.20619134658263935,3.1732274016288864
316,9,79.31999999999995,0.20516038984972615,3.19146469159004
317,0,-10.06,0.2041345879004775,3.4460180827549527
318,4,29.63000000000001,0.2031139149609751,3.7536572842370894
319,3,19.589999999999957,0.20209834538617025,4.151947773827446
320,5,39.55000000000001,0.2010878536592394,3.879272512361115
321,3,19.69999999999997,0.2000824143909432,3.7913025898091934
322,4,29.65999999999999,0.19908200231898848,3.9288259958609557
323,3,19.789999999999992,0.19808659230739353,3.558442025184631
324,8,69.29999999999998,0.19709615934585656,3.4206472967244403
325,3,19.709999999999987,0.19611067854912728,3.58938640536684
326,6,49.350000000000016,0.19513012515638165,3.648575550980038
327,0,-10.12,0.19415447453059972,3.9180337282327504
328,1,-0.16999999999999815,0.19318370215794672,3.535794220472637
329,2,9.699999999999996,0.192217783647157,3.8241348989082105
330,3,19.809999999999995,0.1912566947289212,4.490102073420649
331,4,29.76000000000002,0.1903004112552766,3.4422491213371016
332,14,128.7499999999999,0.18934890919900021,3.7905502574784413
333,3,19.689999999999962,0.18840216465300522,3.602262714930943
334,5,39.60999999999998,0.18746015382974018,3.6371359189351398
335,2,9.879999999999999,0.1865228530605915,4.254173501332601
336,13,118.92999999999972,0.18559023879528855,3.311717880658867
337,2,9.77999999999999,0.1846622876013121,3.174086875915527
338,8,68.94999999999993,0.18373897616330553,3.852328798227143
339,17,158.49,0.182820281282489,3.8263943844292996
340,1,-0.11999999999999922,0.18190617987607657,3.6577687774385725
341,10,88.81999999999984,0.18099664897669618,3.5624731381734214
342,6,49.52999999999999,0.1800916657318127,4.196550152919911
343,3,19.74999999999998,0.17919120740315364,5.240852413506343
344,1,-0.11999999999999922,0.17829525136613786,3.6956545966012135
345,4,29.43999999999999,0.17740377510930716,4.463116485564435
346,3,19.76999999999998,0.17651675623376062,4.094891813066271
347,4,29.76999999999999,0.1756341724525918,3.743596247264317
348,4,29.739999999999995,0.17475600159032884,3.720021643946248
349,4,29.669999999999987,0.17388222158237718,3.6559871435165405
350,7,59.49000000000004,0.1730128104744653,3.694956165249065
351,3,19.629999999999967,0.17214774642209296,3.8034235791462225
352,1,-0.07000000000000028,0.1712870076899825,3.3040637969970703
353,5,39.369999999999976,0.17043057265153258,4.036933892015098
354,7,59.41999999999999,0.16957841978827493,4.115088553139658
355,3,19.649999999999977,0.16873052768933355,4.96318314014337
356,7,59.32000000000005,0.1678868750508869,4.053812721842213
357,8,69.51999999999997,0.16704744067563246,3.754345555054514
358,5,39.610000000000035,0.1662122034722543,3.946089331309001
359,14,128.33999999999997,0.16538114245489302,4.202940819013184
360,7,59.120000000000005,0.16455423674261854,4.538013604780038
361,2,9.869999999999997,0.16373146555890544,3.587749168276787
362,5,39.660000000000004,0.16291280823111093,3.581190901994705
363,13,118.77999999999986,0.16209824418995536,3.916394575553782
364,6,49.51,0.16128775296900558,4.38441583939961
365,1,-0.09999999999999964,0.16048131420416054,4.179065068562825
366,4,29.57999999999997,0.15967890763313974,4.705201996133683
367,8,69.34999999999998,0.15888051309497406,4.819768122724585
368,8,69.3,0.1580861105294992,5.068151221999639
369,7,59.51999999999997,0.1572956799768517,4.450891762971878
370,4,29.829999999999984,0.15650920157696743,3.385778860612349
371,3,19.72999999999999,0.1557266555690826,4.051053285598755
372,9,79.0399999999999,0.1549480222912372,4.1695461678055095
373,8,69.76,0.15417328217978102,4.960014942920569
374,14,129.04999999999976,0.1534024157688821,4.408048584244468
375,12,109.4099999999999,0.1526354036900377,4.554780824316873
376,8,69.62000000000002,0.1518722266715875,4.354384148374517
377,4,29.85,0.15111286553822956,5.829912114143371
378,3,19.77999999999998,0.15035730121053842,4.170854531801664
379,4,29.61000000000002,0.14960551470448571,4.244192502715371
380,2,9.779999999999987,0.14885748713096328,4.488510990142823
381,2,9.850000000000001,0.14811319969530845,5.040322052107917
382,4,29.49999999999998,0.1473726336968319,5.072623044794256
383,11,99.15999999999984,0.14663577052834775,4.494198868672053
384,7,59.40000000000002,0.14590259167570602,4.129150597488179
385,6,49.600000000000016,0.1451730787173275,4.043674210284618
386,3,19.749999999999982,0.14444721332374086,3.602832350237616
387,16,148.76000000000005,0.14372497725712216,4.506949164343219
388,2,9.759999999999987,0.14300635237083656,4.504030775140833
389,12,108.98999999999985,0.14229132060898236,4.053473881462164
390,7,59.24000000000001,0.14157986400593744,4.204723348220189
391,6,49.280000000000065,0.14087196468590776,4.3028847114949285
392,1,-0.23999999999999666,0.14016760486247823,4.012973913779626
393,2,9.939999999999998,0.13946676683816583,4.1406674649980335
394,3,19.62999999999997,0.138769433003975,4.631834536063962
395,7,59.54000000000002,0.13807558583895513,4.865596925770795
396,1,-0.09999999999999964,0.13738520790976036,4.086087306340535
397,9,79.05999999999987,0.13669828187021155,4.780459626362874
398,10,89.03999999999981,0.13601479046086049,4.418153703769791
399,16,148.52999999999997,0.1353347165085562,4.467919753818977
400,5,39.57000000000002,0.1346580429260134,4.202360751677532
401,1,-0.15999999999999837,0.13398475271138335,4.555128733317058
402,7,58.93999999999993,0.13331482894782642,3.988652691506503
403,2,9.79,0.13264825480308728,3.9325632055600486
404,4,29.709999999999994,0.13198501352907185,3.7067031649982227
405,8,69.20999999999997,0.1313250884614265,4.497760453007438
406,6,49.51999999999999,0.13066846301911936,4.404321726885709
407,17,158.73000000000008,0.13001512070402377,4.460261196925722
408,3,19.659999999999975,0.12936504510050365,4.515150427818298
409,6,49.380000000000045,0.12871821987500112,4.575208802154099
410,2,9.849999999999998,0.12807462877562611,5.254057897461785
411,2,9.82,0.12743425563174798,5.153071233204433
412,2,9.86,0.12679708435358925,4.014153354308185
413,7,59.209999999999994,0.1261630989318213,4.9009439095683485
414,12,109.02999999999969,0.1255322834371622,4.8187519225207245
415,9,79.25999999999989,0.12490462201997637,4.35263142699287
416,7,59.33,0.1242800989098765,4.309639015197754
417,9,78.89999999999995,0.12365869841532712,4.539528266588847
418,1,-0.17999999999999972,0.12304040492325048,4.635437643527984
419,2,9.93,0.12242520289863423,5.864890599250794
420,3,19.779999999999987,0.12181307688414106,3.910937841121967
421,11,99.19999999999989,0.12120401149972035,4.1540234607198965
422,4,29.609999999999978,0.12059799144222175,4.150971174240112
423,8,69.23,0.11999500148501063,4.197029019511024
424,3,19.42999999999996,0.11939502647758558,4.373996930044205
425,9,79.19999999999989,0.11879805134519765,3.7825553748342724
426,10,89.23999999999991,0.11820406108847166,4.117215763563397
427,12,109.20999999999978,0.1176130407830293,4.762658437956935
428,17,158.48000000000008,0.11702497557911415,4.028649048244252
429,8,69.0299999999999,0.11643985070121858,3.911528877492221
430,3,19.769999999999982,0.11585765144771248,4.7675361898210316
431,3,19.759999999999973,0.11527836319047392,5.411738446780613
432,1,-0.15999999999999837,0.11470197137452155,4.828399221102397
433,9,79.07999999999993,0.11412846151764894,4.552743086627886
434,5,39.669999999999995,0.1135578192100607,4.888673543930054
435,3,19.879999999999992,0.11299003011401039,4.177916273474693
436,17,158.62,0.11242507996344034,4.770398141481937
437,3,19.649999999999988,0.11186295456362313,4.064170140486497
438,7,59.35000000000004,0.11130363979080501,3.947355185469536
439,7,59.38000000000001,0.11074712159185099,4.099568946020944
440,6,49.670000000000016,0.11019338598389174,4.489943712949753
441,3,19.589999999999954,0.10964241905397228,4.651592927508884
442,4,29.689999999999984,0.10909420695870241,4.247878650824229
443,6,49.660000000000004,0.1085487359239089,4.15582361453917
444,5,39.44999999999998,0.10800599224428936,4.9616070809911506
445,11,98.91999999999982,0.10746596228306791,4.532910958925883
446,8,69.51,0.10692863247165257,4.48228501862493
447,1,-0.1599999999999966,0.1063939893092943,4.8439321120580034
448,14,129.01999999999975,0.10586201936274783,4.290973604252908
449,4,29.539999999999964,0.10533270926593409,4.588751311395683
450,7,59.39,0.10480604571960442,4.238576087398806
451,7,59.36999999999993,0.1042820154910064,4.733445553712442
452,10,89.31999999999996,0.10376060541355137,4.195397337780723
453,4,29.839999999999996,0.1032418023864836,4.553136587142944
454,9,78.78999999999985,0.10272559337455119,4.570432268026221
455,7,59.41000000000005,0.10221196540767843,4.974459246023377
456,8,69.32999999999993,0.10170090558064004,4.589656599258122
457,6,49.47000000000006,0.10119240105273684,3.8966101964314777
458,5,39.6,0.10068643904747315,3.4272784201995186
459,10,89.0799999999999,0.10018300685223579,4.1128413306856615
460,10,89.13999999999989,0.0996820918179746,4.43403379941724
461,4,29.76999999999999,0.09918368135888474,4.4017749428749084
462,18,168.56000000000046,0.09868776295209031,4.249224869751491
463,2,9.810000000000002,0.09819432413732986,4.4427407004616475
464,5,39.64000000000001,0.09770335251664321,3.9453235410508656
465,12,109.17999999999974,0.09721483575406,5.193171609075446
466,9,79.26999999999987,0.09672876157528969,5.356876166470079
467,2,9.759999999999984,0.09624511776741324,4.472765613485266
468,6,49.55000000000002,0.09576389217857617,4.672725287767557
469,13,119.06999999999985,0.09528507271768329,4.964284700768016
470,26,247.9900000000008,0.09480864735409487,5.137073133075447
471,3,19.56999999999997,0.0943346041173244,4.527159508238447
472,4,29.50999999999997,0.09386293109673778,4.541774427449262
473,5,39.490000000000016,0.09339361644125409,4.733407547599391
474,3,19.73999999999997,0.09292664835904782,4.458910838762919
475,1,-0.08999999999999986,0.09246201511725258,4.6372550617564805
476,4,29.62999999999998,0.09199970504166631,5.097009522574289
477,5,39.51000000000002,0.09153970651645797,3.9886838392777877
478,16,148.44,0.09108200798387568,4.1017348435572805
479,5,39.36999999999998,0.0906265979439563,4.137080151101817
480,3,19.819999999999983,0.09017346495423652,4.11753528768366
481,2,9.850000000000001,0.08972259762946533,6.502599000930786
482,13,119.10999999999981,0.089273984641318,4.278928534498492
483,8,69.48999999999992,0.0888276147181114,4.1884670039018
484,14,128.98999999999995,0.08838347664452084,4.439544901765626
485,6,49.57000000000002,0.08794155926129824,4.993879208564758
486,20,188.88000000000028,0.08750185146499175,4.799373508396005
487,5,39.429999999999986,0.08706434220766679,4.37181802401467
488,9,79.2699999999999,0.08662902049662846,4.9239255434059235
489,5,39.470000000000006,0.08619587539414532,4.961566262325998
490,3,19.709999999999972,0.08576489601717459,5.451178586844242
491,5,39.49000000000001,0.08533607153708872,5.388943132601287
492,14,128.9099999999999,0.08490939117940327,5.380411671053979
493,11,99.21999999999993,0.08448484422350626,5.087306745847067
494,15,138.25000000000023,0.08406242000238873,5.270974968116321
495,5,39.750000000000014,0.08364210790237678,5.632669025851834
496,14,129.10999999999984,0.0832238973628649,4.792223375577193
497,12,108.94999999999982,0.08280777787605056,4.624271948458785
498,9,79.19999999999989,0.08239373898667031,4.4251573138766815
499,12,109.02999999999984,0.08198177029173696,5.337053043192083
500,3,19.739999999999984,0.08157186144027828,5.474837144215901
501,3,19.859999999999992,0.0811640021330769,5.179641313023037
502,12,108.83999999999979,0.08075818212241151,5.847278212392053
503,18,168.7500000000001,0.08035439121179945,5.661574403444926
504,3,19.73999999999999,0.07995261925574046,5.3651246150334675
505,26,247.60000000000093,0.07955285615946175,5.432140898615233
506,17,158.88000000000008,0.07915509187866444,5.661539281331576
507,10,89.37999999999985,0.07875931641927113,6.273102022197149
508,2,9.810000000000002,0.07836551983717477,6.299327644434842
509,2,9.769999999999985,0.07797369223798889,4.554968164517329
510,10,89.13999999999986,0.07758382377679894,5.344540827053109
511,12,109.10999999999984,0.07719590465791494,6.140708532987857
512,13,118.6799999999999,0.07680992513462537,6.630501634454074
513,16,148.91000000000008,0.07642587550895225,5.822653119526212
514,6,49.5,0.07604374613140748,5.00956580513402
515,8,69.26999999999998,0.07566352740075044,6.182029404291293
516,3,19.849999999999984,0.07528520976374668,5.6308883993249195
517,8,69.15999999999998,0.07490878371492794,5.505572854831654
518,11,98.90999999999981,0.0745342397963533,5.404792436883469
519,10,89.13999999999984,0.07416156859737154,5.517442860554174
520,3,19.789999999999978,0.07379076075438468,5.908932790756226
521,12,109.00999999999982,0.07342180695061275,5.12207529587405
522,6,49.41999999999998,0.07305469791585968,4.914526697305533
523,4,29.62999999999998,0.07268942442628039,5.8198458183379405
524,14,128.8,0.07232597730414898,6.244623351980139
525,9,79.2799999999999,0.07196434741762824,5.751149328743539
526,0,-10.05,0.0716045256805401,5.040687362353007
527,21,198.21000000000072,0.0712465030521374,5.281179256107084
528,4,29.700000000000003,0.0708902705368767,5.186781542641776
529,13,118.9499999999997,0.07053581918419231,5.212063514885783
530,4,29.71999999999999,0.07018314008827135,5.701713988275239
531,30,287.6800000000012,0.06983222438783,5.439122605233138
532,9,79.3799999999999,0.06948306326589085,4.676838444338904
533,7,59.479999999999976,0.0691356479495614,5.398378388086955
534,22,207.28000000000077,0.06878996970981359,5.505791583303678
535,13,118.6799999999997,0.06844601986126451,5.351404786109924
536,9,79.52999999999997,0.06810378976195819,4.887829876782601
537,16,149.28,0.0677632708131484,5.719521793086877
538,11,99.12999999999982,0.06742445445908266,6.0763971974151305
539,8,69.29999999999995,0.06708733218678724,5.904326408724241
540,10,89.32999999999991,0.0667518955258533,5.88740184979561
541,20,188.1300000000005,0.06641813604822402,6.0986582189798355
542,15,138.92999999999992,0.0660860453679829,5.737425658761001
543,10,88.96999999999991,0.06575561514114299,5.4447530612610935
544,25,237.8800000000005,0.06542683706543727,5.9781006885175945
545,12,108.96999999999973,0.06509970288011008,6.149928742441638
546,5,39.57000000000001,0.06477420436570952,5.827728972143056
547,10,89.0699999999999,0.06445033334388098,5.564240102584545
548,21,198.28000000000048,0.06412808167716157,5.461912780692897
549,1,-0.14999999999999858,0.06380744126877576,5.115039979710298
550,9,79.41999999999996,0.06348840406243188,5.486091617275687
551,2,9.949999999999996,0.06317096204211972,4.866490393877029
552,6,49.740000000000016,0.06285510723190912,6.194205573110869
553,15,138.95999999999987,0.06254083169574957,6.057868613799413
554,11,99.1299999999998,0.062228127537270826,5.303882984199909
555,14,128.6299999999999,0.06191698689958447,5.670211079873536
556,4,29.589999999999975,0.061607401965086545,5.310756413832955
557,16,148.78000000000017,0.06129936495526111,6.192865882846092
558,9,79.41999999999999,0.0609928681304848,5.8807688232730415
559,11,99.30999999999989,0.060687903789832374,5.653154446754926
560,4,29.409999999999982,0.06038446427088321,5.805095233023167
561,9,79.47999999999996,0.06008254194952879,7.208530306816101
562,1,-0.14999999999999858,0.05978212923978115,4.798790496938369
563,11,99.28999999999986,0.05948321859358224,5.874355376484883
564,10,89.15999999999988,0.05918580250061433,6.040109679573461
565,28,267.2500000000012,0.058889873488111255,6.229017523558516
566,14,128.93999999999988,0.058595424120670696,6.023785847277681
567,10,89.16999999999985,0.05830244700006734,6.456792095874218
568,7,59.51000000000005,0.058010934765067,6.579783820269401
569,16,148.31999999999994,0.05772088009124167,5.8543166508545745
570,14,128.76000000000008,0.05743227569078546,5.778034100429617
571,26,247.80000000000115,0.05714511431233153,5.914335586764069
572,19,178.11000000000018,0.05685938874076987,5.62527392241373
573,14,128.77999999999992,0.056575091797066025,5.5311312849504235
574,3,19.76999999999998,0.056292216338080694,5.871336477774161
575,20,188.43000000000018,0.05601075525639029,6.054787015647031
576,13,118.88999999999976,0.05573070148010834,6.003401487350464
577,9,79.37999999999995,0.0554520479727078,5.787560926543342
578,21,198.30000000000055,0.05517478773284426,5.852111083765824
579,0,-10.05,0.05489891379418004,6.618597666422526
580,14,128.84999999999997,0.05462441922520914,6.112524283849276
581,22,208.11000000000055,0.0543512971290831,6.269515866378568
582,8,69.58000000000001,0.05407954064343768,7.566442330678304
583,15,139.01,0.05380914294022049,5.800511919933816
584,22,207.9200000000007,0.05354009722551939,6.286194446282986
585,15,138.89000000000004,0.05327239673939179,6.326154072453656
586,22,207.8400000000005,0.053006034755694834,6.419940688121269
587,10,88.99999999999987,0.052741004581916356,5.325435415044561
588,7,59.630000000000024,0.052477299559006776,5.922325939602322
589,18,168.88000000000022,0.052214913061211746,5.52315515598268
590,23,217.95000000000067,0.05195383849590569,5.791191547718631
591,19,178.28000000000029,0.05169406930342616,6.497712078193824
592,9,79.19999999999987,0.05143559895690903,6.476136048634847
593,8,69.11999999999999,0.051178420962124486,7.755979262676435
594,8,69.61000000000003,0.05092252885731386,7.029922266801198
595,7,59.54000000000002,0.05066791621302729,6.886199134367484
596,7,59.58999999999999,0.05041457663196215,7.254107995909088
597,6,49.19000000000005,0.050162503748802344,7.302670616995204
598,14,128.60999999999973,0.049911691230058335,6.671117191190843
599,16,148.53000000000023,0.04966213277390804,5.912463034071574
600,17,158.85000000000016,0.0494138221100385,6.03978164930989
601,23,217.50000000000082,0.04916675299948831,6.321899848262759
602,17,158.1600000000003,0.04892091923449087,6.270211026220038
603,3,19.61999999999996,0.04867631463831842,7.39840601171766
604,10,89.3499999999999,0.048432933065126825,6.430682721890901
605,22,208.21000000000026,0.048190768399801194,6.053173578611695
606,12,109.24999999999987,0.04794981455780219,6.293808351863515
607,26,247.7400000000007,0.04771006548501318,6.359448812695831
608,18,168.44000000000042,0.047471515157588115,6.637064652442932
609,18,168.21000000000032,0.047234157581800176,6.32399936035426
610,1,-0.08999999999999986,0.046997986793891174,5.675892851569436
611,14,128.66999999999987,0.04676299685992172,5.986742889558947
612,20,188.10000000000036,0.04652918187562211,6.404447565711505
613,24,228.36000000000047,0.046296535966244,5.793219484349407
614,15,138.77999999999994,0.046065053286412784,7.198574377142864
615,9,78.90999999999981,0.04583472801998072,6.545051745006016
616,1,-0.08000000000000007,0.045605554379880814,7.062807369232178
617,11,99.02999999999982,0.04537752660798141,6.694055404138128
618,29,277.30000000000115,0.0451506389749415,6.525729224681855
619,15,138.81,0.044924885780066794,6.831525551831281
620,5,39.540000000000035,0.04470026135116646,6.546790994130648
621,5,39.52999999999999,0.04447676004441063,6.4566058122886805
622,7,59.42999999999999,0.04425437624418858,6.255342975029579
623,12,108.91999999999973,0.04403310436296763,6.611627777745901
624,13,118.91999999999973,0.043812938841152796,6.480966798594741
625,7,59.65999999999998,0.04359387414694703,7.411149859428406
626,9,79.24999999999993,0.043375904776212296,6.9965104131137625
627,10,89.39999999999989,0.043159025252331236,6.359699853709047
628,9,79.28999999999999,0.04294323012606958,5.9928779866960316
629,14,128.68999999999963,0.04272851397543923,6.759117232610102
630,17,158.9,0.04251487140556204,6.971915451809764
631,11,99.22999999999992,0.04230229704853423,6.475622699501809
632,14,128.44999999999976,0.04209078556329156,5.677914257610546
633,3,19.719999999999978,0.0418803316354751,4.692215248942375
634,19,178.2700000000005,0.041670929977297724,5.959755132853059
635,6,49.590000000000025,0.04146257532741124,5.772098943591118
636,1,-0.09999999999999964,0.04125526245077418,5.707233230272929
637,6,49.650000000000006,0.04104898613852031,5.832286108107794
638,14,128.7499999999999,0.04084374120782771,6.724060719353812
639,9,79.40999999999994,0.04063952250178857,6.5501526369564775
640,5,39.379999999999974,0.04043632488927963,7.056845612385693
641,15,138.5599999999999,0.04023414326483323,6.207548603415489
642,3,19.839999999999986,0.040032972548509065,5.755837941169739
643,23,218.34000000000066,0.03983280768576652,6.4443520972603245
644,8,69.16999999999992,0.03963364364733769,7.053029195122097
645,10,89.14999999999986,0.039435475429100995,6.406312711536884
646,15,138.7699999999998,0.03923829805195549,6.1133477842207435
647,7,59.44,0.03904210656169572,5.656993612647057
648,17,158.70000000000016,0.03884689602888724,5.430269227640049
649,26,247.7700000000009,0.0386526615487428,6.964042015075684
650,24,228.02000000000055,0.03845939824099909,6.82933568419897
651,3,19.669999999999977,0.03826710124979409,6.035845820968215
652,16,148.38000000000017,0.038075765743545126,7.129263072040494
653,18,168.66000000000003,0.0378853869148274,6.7722551355174945
654,17,158.65000000000026,0.03769595998025326,6.857888556773366
655,11,99.13999999999987,0.03750748018035199,6.270086539034941
656,7,59.449999999999946,0.037319942779450235,6.896927413486299
657,24,227.71000000000095,0.037133343065552986,7.410658797879857
658,22,208.12000000000052,0.03694767635022522,6.670264197751809
659,14,128.83,0.036762937968474095,7.311313822413936
660,11,98.87999999999985,0.03657912327863173,7.345292973902918
661,14,128.79999999999995,0.036396227662238566,6.673172597531919
662,8,69.04999999999998,0.03621424652392737,6.952674984931946
663,12,109.0399999999998,0.036033175291307735,6.662973653285875
664,15,138.86000000000004,0.03585300941485119,7.205862091137813
665,25,238.04000000000065,0.035673744367776934,7.219382380580043
666,30,286.86000000000143,0.03549537564593805,6.762903192077858
667,12,108.87999999999971,0.035317898767708356,7.028224287033081
668,12,108.88999999999972,0.03514130927386981,5.920523233952061
669,19,178.15000000000038,0.03496560272750046,7.258602387730668
670,4,29.719999999999985,0.03479077471386296,6.849599043528239
671,12,109.26999999999977,0.03461682084029365,7.259996694187786
672,17,158.67999999999998,0.034443736736092176,7.318463832537333
673,27,258.14000000000067,0.034271518052411715,6.338260755360683
674,21,198.4000000000004,0.034100160462149656,5.958763850259257
675,15,138.61999999999995,0.03392965965983891,7.486442791951167
676,12,109.09999999999987,0.033760011361539714,6.666155407729658
677,25,237.35000000000127,0.03359121130473201,6.862707138061523
678,20,187.7200000000007,0.033423255248208356,6.136513208289702
679,1,-0.09999999999999964,0.03325613897196732,6.194098909695943
680,4,29.519999999999946,0.03308985827710748,7.355200353658424
681,15,139.02999999999992,0.032924408985721944,6.581031212764504
682,15,138.46999999999989,0.03275978694079333,6.289603700299235
683,14,128.83000000000007,0.032595988006089364,6.5480361327980505
684,23,217.72000000000085,0.032433008066058915,6.75730542152647
685,27,257.5700000000016,0.03227084302572862,6.602965670758068
686,21,198.08000000000084,0.032109488810599975,7.342161832011748
687,2,9.96,0.031948941366546975,5.024098975317819
688,17,158.7500000000001,0.03178919665971424,6.7954758914200575
689,15,138.8900000000001,0.03163025067641567,6.756494077171866
690,21,198.57000000000068,0.03147209942303359,6.763970536896677
691,18,168.58000000000027,0.03131473892591842,6.196411519317153
692,14,129.07,0.031158165231288826,6.501705582495089
693,9,78.97999999999988,0.03100237440513238,6.455027086394174
694,6,49.650000000000034,0.030847362533106718,7.094507995105925
695,14,128.79999999999984,0.030693125720441184,7.124198014647872
696,25,237.35000000000116,0.030539660091838977,6.963754933314635
697,8,69.4999999999999,0.03038696179137978,6.729726338790635
698,7,59.3899999999999,0.030235026982422884,6.78559694946676
699,26,247.47000000000116,0.030083851847510768,6.312747727973121
700,12,109.26999999999985,0.029933432588273214,6.127878815628762
701,1,-0.12999999999999723,0.029783765425331846,6.347168223063151
702,16,148.68000000000018,0.029634846598205186,7.309906625107631
703,25,237.66000000000085,0.02948667236521416,7.509411633931673
704,13,119.18999999999988,0.029339239003388088,6.586178272648861
705,34,327.2800000000014,0.029192542808371146,6.396063182563657
706,32,307.01000000000164,0.02904658009432929,6.741257867899286
707,25,237.87000000000072,0.028901347193857643,7.124166281153467
708,5,39.609999999999985,0.028756840457888354,6.735693502426147
709,4,29.709999999999994,0.02861305625559891,5.080614580827601
710,5,39.55999999999998,0.028469990974320916,6.456312928199768
711,16,148.93000000000004,0.02832764101944931,6.615689702572361
712,21,198.0200000000005,0.028186002814352063,6.955845928192138
713,17,158.65000000000015,0.0280450728002803,6.7149104978524
714,17,158.61,0.0279048474362789,6.785600199061594
715,8,69.22999999999985,0.027765323199097504,6.060214957525564
716,13,118.8999999999998,0.027626496583102015,6.940780580043793
717,6,49.53000000000004,0.027488364100186506,8.204092118475172
718,12,109.05999999999979,0.027350922279685573,7.5129090647831145
719,19,178.5400000000002,0.027214167668287145,7.5649582765188566
720,16,148.24000000000012,0.02707809682994571,6.62732245267364
721,8,69.17999999999995,0.02694270634579598,7.703066967345856
722,3,19.839999999999986,0.026807992814067,7.275125646591187
723,35,336.110000000002,0.026673952849996664,6.77389282058267
724,13,119.09999999999991,0.02654058308574668,6.37790802350411
725,8,69.69999999999996,0.026407880170317945,7.037206142376631
726,11,99.26999999999998,0.026275840769466357,5.882404669593362
727,24,227.85000000000093,0.026144461565619025,6.813416968782743
728,1,-0.1399999999999988,0.02601373925779093,6.434886068105698
729,18,168.5200000000001,0.025883670561501974,6.786091735976899
730,14,128.97999999999982,0.025754252208694463,6.866527863037892
731,13,118.98999999999981,0.02562548094765099,7.25398210235264
732,17,158.67000000000002,0.025497353542912736,6.574837938839237
733,20,187.91000000000065,0.02536986677519817,6.590210394237353
734,8,69.38000000000002,0.02524301744132218,6.13942844766966
735,3,19.769999999999975,0.025116802354115567,6.7703719404008655
736,13,119.07999999999981,0.024991218342344988,7.169130435529745
737,4,29.63999999999998,0.024866262250633264,6.350311953847001
738,17,158.35000000000008,0.024741930939380097,6.261721336125024
739,11,99.0499999999998,0.024618221284683196,6.752258721913133
740,19,178.95000000000007,0.02449513017825978,6.785573080062866
741,5,39.720000000000006,0.02437265452736848,6.293848248089061
742,5,39.59999999999998,0.024250791254731636,6.4733089986054795
743,2,9.909999999999997,0.024129537298457977,8.862342158953348
744,6,49.330000000000034,0.024008889611965685,6.174710673254889
745,9,79.37999999999995,0.023888845163905856,6.746265646484163
746,3,19.729999999999986,0.023769400938086327,7.355506850827124
747,11,99.1299999999999,0.023650553933395897,5.9725824702869765
748,18,168.50000000000023,0.023532301163728918,7.516765391332863
749,23,218.00000000000057,0.023414639657910272,6.691357512559209
750,18,168.48000000000008,0.023297566459620722,7.078213698682729
751,17,158.56000000000012,0.023181078627322618,6.2571227256162665
752,20,188.32000000000042,0.023065173234186005,6.655930015775892
753,23,217.95000000000073,0.022949847368015076,7.284501876372958
754,20,188.51000000000013,0.022835098131175,7.07844781034133
755,12,109.0799999999998,0.022720922640519125,7.246542272113619
756,17,158.4700000000001,0.02260731802731653,6.292857874206632
757,16,148.81999999999988,0.022494281437179946,6.792596364021302
758,8,69.28999999999999,0.022381810029994047,6.913911259174347
759,21,198.6000000000003,0.022269900979844076,6.959610572567692
760,18,168.81000000000014,0.022158551474944856,6.702388508596282
761,8,69.19999999999995,0.022047758717570132,6.749841272161248
762,17,158.9300000000001,0.021937519923982282,7.148057933807373
763,8,69.36999999999992,0.021827832324362372,7.221320625808504
764,11,98.88999999999987,0.02171869316274056,6.3564804298121755
765,3,19.830000000000002,0.021610099696926857,6.442507425944011
766,16,148.99,0.021502049198442223,6.902598237587234
767,3,19.71999999999999,0.021394538952450012,5.664828069508076
768,12,109.3499999999999,0.02128756625768776,6.972991634637881
769,5,39.51999999999998,0.021181128426399323,6.9387372290646585
770,20,188.22000000000045,0.021075222784267326,6.376624224773004
771,6,49.370000000000005,0.020969846670345987,6.719287167276655
772,27,258.0700000000009,0.020864997436994256,6.574430704116821
773,39,375.9200000000026,0.020760672449809284,6.964582473039627
774,18,168.74000000000007,0.020656869087560238,6.597494503547406
775,26,247.47000000000094,0.020553584742122436,6.8630182002271924
776,20,188.1700000000004,0.020450816818411825,6.707777660267026
777,9,79.35999999999996,0.020348562734319765,6.731771730087899
778,9,79.31999999999995,0.020246819920648168,6.867221462420928
779,12,108.92999999999974,0.020145585821044927,6.818096204598745
780,11,99.3799999999999,0.020044857891939702,7.389595060735135
781,22,208.35000000000036,0.019944633602480003,7.805373387133821
782,18,168.8100000000003,0.019844910434467605,7.002270857493083
783,7,59.329999999999984,0.019745685882295267,6.39600045522054
784,17,158.85000000000016,0.01964695745288379,7.375973423620812
785,22,208.17000000000047,0.01954872266561937,7.073681956356012
786,13,119.18999999999988,0.019450979052291272,6.644172043549387
787,10,89.26999999999997,0.019353724157029815,7.583551687853677
788,2,9.819999999999997,0.019256955536244666,9.466681548527308
789,14,129.05999999999992,0.019160670758563442,7.544211748543136
790,8,69.50999999999996,0.019064867404770626,7.672776690844832
791,6,49.52000000000004,0.018969543067746772,7.756257074529475
792,16,148.78999999999996,0.018874695352408037,6.975981772809789
793,9,79.49999999999996,0.018780321875645996,6.7212844610214235
794,22,208.1800000000004,0.018686420266267767,6.580503672506751
795,13,118.85999999999973,0.018592988164936427,6.979919265955687
796,16,148.69999999999987,0.018500023224111744,6.558252900636115
797,17,158.92999999999995,0.018407523107991184,7.455714891433716
798,30,287.2000000000014,0.01831548549245123,6.834162169330757
799,10,89.50999999999989,0.018223908064988973,6.402917985121409
800,21,198.18000000000075,0.018132788524664028,6.912105498360653
801,4,29.740000000000002,0.018042124582040707,7.295395566571143
802,36,346.79000000000207,0.017951913959130504,7.353568813654298
803,14,128.79999999999995,0.01786215438933485,7.164002722280997
804,19,178.32000000000048,0.017772843617388175,7.050306775468461
805,25,237.9100000000007,0.017683979399301233,7.410768717907844
806,15,138.84999999999997,0.017595559502304726,6.805126401304289
807,32,307.1300000000017,0.0175075817047932,6.646572941541672
808,20,188.42000000000036,0.017420043796269234,6.983338134914803
809,19,178.14000000000024,0.017332943577287888,7.2068934926708925
810,15,138.84000000000012,0.01724627885940145,6.742863749012803
811,21,198.2200000000006,0.017160047465104442,7.062994349002838
812,14,128.85999999999996,0.01707424722777892,7.077894338341647
813,23,217.99000000000066,0.016988875991640028,7.457125000423855
814,14,128.77999999999983,0.016903931611681827,7.680996318803216
815,31,297.2300000000017,0.01681941195362342,7.449972465971912
816,12,109.12999999999978,0.016735314893855303,7.464953587055207
817,11,98.95999999999985,0.016651638319386028,6.821331786698308
818,29,277.25000000000114,0.0165683801277891,7.382906905158621
819,10,89.19999999999992,0.016485538227150154,5.99327644935021
820,18,168.70000000000033,0.0164031105360144,7.385028483883646
821,10,89.31999999999995,0.01632109498333433,6.814200564275814
822,7,59.270000000000024,0.016239489508417658,6.893703964021471
823,18,168.21000000000038,0.01615829206087557,7.009976679628545
824,17,158.2900000000002,0.01607750060057119,6.908817363163782
825,13,118.83999999999978,0.015997113097568336,7.800014981856713
826,32,307.5800000000013,0.015917127532080494,6.99107566356659
827,20,188.8100000000003,0.01583754189442009,6.647300039018903
828,29,277.61000000000126,0.01575835418494799,7.19191303572247
829,20,188.6500000000002,0.01567956241402325,7.4022129865793085
830,19,178.42000000000024,0.015601164601953134,7.6474267766716775
831,19,178.32000000000033,0.015523158778943369,7.20248928095432
832,11,99.17999999999984,0.015445542985048652,6.993843388050161
833,19,178.66000000000014,0.015368315270123408,7.409726672358327
834,16,148.67000000000027,0.01529147369377279,6.233687726656596
835,1,-0.09999999999999964,0.015215016325303928,6.706577817598979
836,24,228.0100000000008,0.015138941243677408,7.373300139393125
837,15,138.83000000000015,0.01506324653745902,7.120462749237404
838,16,148.5799999999999,0.014987930304771725,7.147404079917092
839,6,49.57000000000001,0.014912990653247866,7.651859610080719
840,16,148.75,0.014838425699981627,7.287815110784181
841,26,247.94000000000102,0.01476423357148172,7.798397503185681
842,11,99.08999999999983,0.014690412403624311,7.5525515773921335
843,17,158.78000000000006,0.01461696034160619,6.807344203335898
844,6,49.45000000000002,0.014543875539898159,8.107030457065951
845,23,218.01000000000062,0.014471156162198668,7.052643434883768
846,23,217.86000000000104,0.014398800381387675,7.130619095153167
847,22,208.06000000000057,0.014326806379480736,7.339732790872248
848,15,138.86999999999995,0.014255172347583332,7.2176017520963685
849,17,158.47000000000003,0.014183896485845416,8.001416973203247
850,21,197.81000000000057,0.014112977003416188,7.199504558476175
851,25,237.65000000000103,0.014042412118399107,7.034362138002768
852,6,49.650000000000006,0.013972200057807112,8.16423852103097
853,9,79.47999999999996,0.013902339057518077,8.278080209609001
854,12,109.29999999999983,0.013832827362230486,7.432865763285074
855,16,148.8599999999999,0.013763663225419333,7.08025207228333
856,20,188.2700000000006,0.013694844909292236,7.397788900689981
857,21,197.9300000000008,0.013626370684745774,7.234454388181195
858,17,158.63000000000022,0.013558238831322046,7.331937123114063
859,25,237.66000000000082,0.013490447637165436,7.141858792304992
860,18,168.62000000000018,0.013422995398979608,6.970989120993645
861,18,168.58000000000015,0.01335588042198471,7.290917464665005
862,24,227.9900000000006,0.013289101019874787,7.940980076789856
863,10,89.36999999999989,0.013222655514775413,7.816209986403182
864,17,158.64000000000016,0.013156542237201536,7.500119148910819
865,14,128.56999999999988,0.013090759526015528,7.763005119335802
866,27,257.4400000000011,0.01302530572838545,7.613684277299424
867,25,238.0200000000009,0.012960179199743523,7.751007604811873
868,24,227.9700000000007,0.012895378303744804,7.671105435020046
869,21,198.46000000000052,0.01283090141222608,7.558346965096214
870,33,316.73000000000167,0.012766746905164949,8.056102746081153
871,26,247.65000000000083,0.012702913170639124,8.005534903693745
872,21,198.14000000000055,0.012639398604785928,8.257309769781736
873,21,198.53000000000029,0.012576201611761997,7.2584685376409945
874,18,168.55000000000024,0.012513320603703188,7.445445710565986
875,24,227.55000000000103,0.012450754000684672,8.04786735287419
876,12,109.16999999999987,0.012388500230681249,7.70264595746994
877,19,178.42000000000024,0.012326557729527843,7.923109741693132
878,20,188.6200000000004,0.012264924940880204,7.695866733227136
879,10,89.32999999999988,0.012203600316175803,8.529928317436806
880,7,59.45999999999995,0.012142582314594924,7.441137875280073
881,12,109.06999999999978,0.01208186940302195,7.463418965069753
882,22,208.3400000000007,0.01202146005600684,7.787182891179645
883,26,248.0000000000004,0.011961352755726806,8.259893704090874
884,12,109.12999999999981,0.01190154599194817,7.939627845287323
885,27,257.37000000000126,0.01184203826198843,6.996578816286068
886,18,168.46000000000032,0.011782828070678488,7.4810831147122245
887,16,148.36000000000007,0.011723913930325095,7.491642061518042
888,12,108.92999999999984,0.01166529436067347,7.216840008894603
889,26,247.38000000000113,0.011606967888870102,7.094628060977764
890,35,336.87000000000165,0.01154893304942575,7.381308834327326
891,11,98.87999999999985,0.011491188384178622,8.621301758673884
892,38,366.6300000000019,0.011433732442257729,7.385055183730227
893,25,237.87000000000074,0.01137656378004644,7.198678050579885
894,18,168.76000000000005,0.011319680961146208,7.472330203423133
895,3,19.87999999999999,0.011263082556340478,7.0447956174612045
896,24,227.78000000000083,0.011206767143558775,7.859132371933354
897,6,49.490000000000016,0.011150733307840981,7.012628925257716
898,17,158.58,0.011094979641301777,7.561912851035595
899,13,118.8399999999998,0.011039504743095268,7.540446978348952
900,13,118.75999999999982,0.01098430721937979,8.063770389211351
901,20,188.12000000000052,0.010929385683282892,7.0463705564800065
902,28,268.0200000000009,0.010874738754866477,7.611251327959977
903,33,317.2700000000012,0.010820365061092144,7.0583098004617595
904,11,99.1599999999999,0.010766263235786683,7.470039737721284
905,16,148.85000000000016,0.01071243191960775,7.646376781391375
906,31,297.3600000000014,0.010658869760009713,7.526537614094244
907,22,207.86000000000072,0.010605575411209664,7.388810227188883
908,23,217.78000000000114,0.010552547534153616,7.3266761453171085
909,23,217.81000000000063,0.010499784796482848,7.234040751869296
910,18,168.44000000000023,0.010447285872500434,7.08315734727042
911,10,89.11999999999985,0.01039504944313793,7.15637292283954
912,3,19.93,0.010343074195922241,8.263349164615978
913,12,108.92999999999982,0.01029135882494263,7.373593258857727
914,18,168.5499999999999,0.010239902030817916,6.794495228587127
915,12,109.07999999999983,0.010188702520663827,6.974687792005993
916,10,89.0599999999998,0.010137759008060509,6.646406852631342
917,16,148.99000000000012,0.010087070213020206,8.135234446848854
918,20,188.43000000000046,0.010036634861955105,7.446057935779014
919,13,119.06999999999988,0.01,7.4101380499723914
920,12,108.92999999999975,0.01,7.2273585875829065
921,11,98.92999999999988,0.01,7.694760066120565
922,17,158.50000000000017,0.01,7.388545308794294
923,17,158.69000000000005,0.01,7.31297578587628
924,17,158.7700000000001,0.01,7.980819560111837
925,23,217.62000000000103,0.01,8.097521965740292
926,12,109.1599999999998,0.01,7.861663980582326
927,20,188.47000000000062,0.01,7.84749326349675
928,13,119.24999999999983,0.01,7.697593096936687
929,6,49.460000000000036,0.01,8.271894767636159
930,14,128.88999999999996,0.01,7.415298308644976
931,26,247.6300000000009,0.01,7.652235394174403
932,16,149.1100000000001,0.01,7.943244056881599
933,24,227.93000000000075,0.01,7.5626394512324495
934,15,138.97000000000006,0.01,8.174957615988594
935,7,59.47000000000007,0.01,8.03854434607459
936,26,247.82000000000085,0.01,7.90426098473218
937,19,178.7100000000002,0.01,7.624499344985757
938,6,49.46,0.01,7.895106088919718
939,24,228.02000000000072,0.01,7.879592261506837
940,15,138.58000000000007,0.01,7.659313426742071
941,11,99.3199999999999,0.01,7.303383156657219
942,8,69.19999999999995,0.01,7.391625573126118
943,12,109.30999999999989,0.01,7.3477855252056585
944,15,139.1100000000001,0.01,8.262769508361817
945,13,118.61000000000001,0.01,7.230571980569877
946,18,168.76999999999998,0.01,7.859388777907466
947,30,286.91000000000145,0.01,7.603585289506351
948,14,129.02000000000004,0.01,7.649148261652583
949,20,188.21000000000038,0.01,7.267178493738174
950,10,89.03999999999982,0.01,7.212153617466722
951,11,98.94999999999979,0.01,7.698556423187256
952,31,297.26000000000147,0.01,7.612084264848747
953,26,247.39000000000112,0.01,7.259759979115592
954,6,49.49000000000001,0.01,7.256873208900978
955,18,168.7000000000003,0.01,7.427547750857053
956,4,29.590000000000003,0.01,7.191178819407588
957,11,99.18999999999994,0.01,7.401507628861294
958,31,297.3800000000014,0.01,7.524189640875576
959,13,118.98999999999981,0.01,7.0794105052948
960,6,49.46000000000005,0.01,7.602067306393483
961,22,207.96000000000043,0.01,7.078088173257097
962,27,257.7700000000009,0.01,7.337200957940394
963,28,267.2400000000011,0.01,7.8449263916640986
964,14,129.36999999999995,0.01,7.9374826443501005
965,20,188.5400000000002,0.01,7.856676869763586
966,24,227.94000000000062,0.01,7.768930662245977
967,23,218.2600000000008,0.01,7.303096381100741
968,10,89.27999999999992,0.01,6.753399708184851
969,11,98.82999999999974,0.01,7.569026274274486
970,12,108.84999999999972,0.01,7.125218437984586
971,25,237.82000000000102,0.01,7.557631606938409
972,13,119.32999999999984,0.01,7.5225884708357444
973,5,39.58000000000001,0.01,7.570641378561656
974,20,188.29000000000053,0.01,6.912240146348874
975,22,208.4300000000003,0.01,7.878727866543664
976,29,277.1500000000015,0.01,7.438490447922359
977,18,168.55000000000024,0.01,7.754267166300518
978,21,198.26000000000022,0.01,7.730250775814056
979,12,109.00999999999985,0.01,7.588746437004635
980,18,168.38000000000045,0.01,6.777579818641283
981,14,128.71999999999977,0.01,7.426705682194316
982,26,247.61000000000087,0.01,6.998754546158295
983,23,218.07000000000073,0.01,6.614460956116426
984,20,188.01000000000067,0.01,7.346722939881412
985,14,128.37999999999982,0.01,7.576035304258099
986,17,158.73000000000008,0.01,7.112751497071365
987,22,208.35000000000053,0.01,7.037824705560157
988,12,108.89999999999972,0.01,7.223489284515381
989,17,158.73000000000002,0.01,7.8238715369125895
990,13,118.86999999999983,0.01,7.606955034526314
991,14,128.63999999999984,0.01,7.2907873289474585
992,16,148.8699999999999,0.01,8.215106296539307
993,14,128.84999999999982,0.01,7.387223416108352
994,20,188.3900000000002,0.01,7.967468839425307
995,17,158.66000000000028,0.01,7.513352182350661
996,16,148.22000000000003,0.01,7.506018257141113
997,17,158.43000000000012,0.01,7.45445328439985
998,18,168.7200000000002,0.01,7.521428784545587
999,20,188.11000000000058,0.01,7.272083227975028
1000,14,128.8200000000001,0.01,7.602178302922643
1001,17,158.69000000000025,0.01,6.773819035331675
1002,32,306.69000000000176,0.01,7.0826275780960755
1003,37,356.6500000000022,0.01,7.229764253779966
1004,11,98.92999999999982,0.01,6.4388173007163685
1005,25,237.65000000000106,0.01,7.204728307395146
1006,16,148.9100000000002,0.01,7.336182017174978
1007,12,109.11999999999983,0.01,7.481147227901043
1008,2,9.669999999999977,0.01,7.468555251757304
1009,24,228.01000000000067,0.01,7.420645626527922
1010,13,119.00999999999982,0.01,8.553236980353837
1011,25,237.73000000000064,0.01,7.433089505071226
1012,15,138.51999999999984,0.01,7.423235462933052
1013,22,208.44000000000034,0.01,7.331964652631536
1014,30,287.7800000000011,0.01,7.423968346222587
1015,17,158.44000000000005,0.01,7.071316332652651
1016,16,148.5,0.01,7.325596710878932
1017,24,227.5700000000008,0.01,7.8961315848934115
1018,7,59.28999999999999,0.01,7.778825608989861
1019,18,168.45000000000016,0.01,7.6240022415402295
1020,22,207.92000000000058,0.01,8.006870558767607
1021,10,89.2399999999998,0.01,7.02599188925206
1022,27,257.14000000000146,0.01,7.788265293950488
1023,23,218.29000000000045,0.01,7.4774802904862625
1024,13,118.96999999999986,0.01,6.796845780478583
1025,12,109.02999999999982,0.01,7.095289130644365
1026,2,9.779999999999998,0.01,7.027594385147094
1027,30,287.51000000000107,0.01,7.484522725854601
1028,4,29.779999999999987,0.01,8.374030775494045
1029,19,178.50000000000045,0.01,7.061210145669825
1030,14,128.82999999999998,0.01,7.97387395844315
1031,17,158.36,0.01,7.621627693647866
1032,28,267.5100000000009,0.01,7.672582110055059
1033,17,158.8100000000001,0.01,7.653714644647863
1034,25,237.7400000000011,0.01,7.448598945897723
1035,11,99.11999999999989,0.01,7.147912499904632
1036,9,79.31999999999992,0.01,8.422728355114277
1037,27,258.0100000000011,0.01,7.429133149495734
1038,10,89.34999999999992,0.01,6.409764493766584
1039,24,228.29000000000073,0.01,7.428748752389636
1040,22,207.6500000000009,0.01,7.67833164126374
1041,20,188.35000000000053,0.01,8.184525824362233
1042,9,79.33999999999997,0.01,7.411453739592903
1043,14,128.90999999999985,0.01,7.69014242387587
1044,23,218.02000000000083,0.01,7.77531513222703
1045,18,168.52000000000015,0.01,7.878866156418167
1046,28,267.20000000000147,0.01,7.397008565637286
1047,28,267.82000000000085,0.01,7.160204472329452
1048,23,218.10000000000088,0.01,7.204606680112464
1049,24,228.04000000000062,0.01,7.607179585625143
1050,10,89.02999999999983,0.01,7.288258756752367
1051,24,227.9800000000007,0.01,7.386023828111556
1052,20,188.37000000000046,0.01,6.271818690973779
1053,32,306.7300000000015,0.01,7.338180487023459
1054,26,247.59000000000117,0.01,6.5285315580332455
1055,21,198.27000000000027,0.01,7.024185783435136
1056,23,217.99000000000086,0.01,7.018809790081448
1057,26,248.29000000000076,0.01,7.1337207953135175
1058,15,138.37999999999997,0.01,6.879513385590543
1059,24,227.3400000000006,0.01,7.30115355658777
1060,9,79.44,0.01,7.626661398194053
1061,9,79.17999999999995,0.01,6.740712239690449
1062,18,168.69000000000014,0.01,6.866870970726013
1063,25,237.88000000000073,0.01,7.153187713703187
1064,19,178.31000000000017,0.01,7.4280823298863
1065,16,148.81000000000026,0.01,7.883326402481864
1066,13,118.7799999999998,0.01,6.851351212052738
1067,18,168.4700000000003,0.01,7.135222387175228
1068,17,158.43000000000006,0.01,7.297239100592477
1069,31,297.37000000000114,0.01,7.285587781162585
1070,14,129.11999999999986,0.01,7.7045973296304355
1071,6,49.38000000000001,0.01,7.565698803334996
1072,28,267.420000000001,0.01,7.340572154480406
1073,27,257.59000000000106,0.01,7.597843188778619
1074,14,128.62,0.01,7.300297365469091
1075,23,218.22000000000054,0.01,7.355696458627682
1076,17,158.78000000000011,0.01,7.419511297770909
1077,10,89.10999999999997,0.01,7.397802486419677
1078,15,138.70999999999987,0.01,6.879927784821083
1079,13,118.70999999999987,0.01,7.431881747879348
1080,10,89.45999999999994,0.01,7.200831295893742
1081,13,118.58999999999972,0.01,7.642990439937961
1082,17,158.58999999999986,0.01,7.693336753725256
1083,18,168.31000000000023,0.01,7.565500838959471
1084,26,247.41000000000122,0.01,7.14315869674816
1085,19,177.80000000000047,0.01,7.2618794719378155
1086,10,89.25999999999989,0.01,7.0944012978497675
1087,16,148.6500000000002,0.01,7.372760738197126
1088,28,267.85000000000093,0.01,6.9928879855109045
1089,16,148.88000000000017,0.01,7.173433204029882
1090,15,138.79999999999984,0.01,6.736412551473169
1091,20,188.46000000000026,0.01,7.80324604511261
1092,33,316.8000000000018,0.01,7.220613248604166
1093,11,99.24999999999986,0.01,8.27517798577232
1094,26,247.7300000000008,0.01,7.885998563503656
1095,15,138.67000000000013,0.01,7.2419308399994105
1096,16,148.78000000000011,0.01,7.376557988228558
1097,28,267.640000000001,0.01,6.369116058889425
1098,26,247.50000000000097,0.01,7.342427237369524
1099,15,139.18,0.01,7.271814365776217
1100,17,158.66000000000014,0.01,7.943378704158883
1101,32,306.9600000000016,0.01,7.718692270867549
1102,17,158.7000000000001,0.01,7.2628167271614075
1103,11,98.85999999999981,0.01,7.572565986996605
1104,2,9.939999999999998,0.01,6.914999008178711
1105,8,69.56999999999998,0.01,6.545201008136456
1106,11,99.21999999999989,0.01,6.813771004147
1107,33,316.8200000000017,0.01,7.329057499089024
1108,47,456.0600000000028,0.01,6.903799923027263
1109,8,69.49999999999997,0.01,7.0449025065211925
1110,12,108.87999999999975,0.01,7.289906721115113
1111,22,208.16000000000037,0.01,7.47353726654237
1112,20,188.42000000000036,0.01,7.3620993584893935
1113,6,49.40000000000001,0.01,6.022320768726406
1114,24,228.17000000000058,0.01,7.605244079461465
1115,16,148.7800000000001,0.01,6.808830962764273
1116,12,109.0699999999999,0.01,6.970756933374225
1117,11,98.72999999999976,0.01,7.223843958738039
1118,19,178.56000000000037,0.01,6.898730430661178
1119,12,108.96999999999973,0.01,6.557894784828712
1120,14,128.50999999999982,0.01,7.242699784476582
1121,21,197.92000000000064,0.01,7.556361336293428
1122,24,227.52000000000095,0.01,7.442294346107231
1123,29,277.7100000000007,0.01,7.237984710678631
1124,11,99.12999999999981,0.01,6.768450570828987
1125,24,227.6700000000009,0.01,7.388150812119477
1126,16,148.6500000000001,0.01,7.770166627670589
1127,16,148.86,0.01,7.030115424221709
1128,8,69.32999999999997,0.01,7.645965541663923
1129,25,238.06000000000063,0.01,7.873393601720983
1130,20,188.23000000000047,0.01,7.569472127490574
1131,25,237.62000000000103,0.01,7.250524045843067
1132,26,247.97000000000094,0.01,7.3270601770152215
1133,14,128.62000000000012,0.01,7.330875164543102
1134,24,227.71000000000083,0.01,7.260874078968379
1135,14,128.81999999999982,0.01,6.989000214669938
1136,8,69.31000000000002,0.01,6.580418461408371
1137,23,218.25000000000068,0.01,7.512191663435356
1138,26,247.59000000000094,0.01,7.206272851175337
1139,25,238.09000000000083,0.01,8.02893116946594
1140,11,99.14999999999986,0.01,7.540268428546867
1141,14,129.22999999999985,0.01,7.398706143317015
1142,20,188.71000000000015,0.01,6.984431765874227
1143,22,208.14000000000067,0.01,7.202985626658754
1144,14,128.77999999999992,0.01,7.435316132803033
1145,19,178.5600000000003,0.01,7.833143488662999
1146,14,128.9799999999998,0.01,6.88749913068918
1147,23,217.66000000000105,0.01,8.051916830299437
1148,25,237.64000000000075,0.01,7.977167855692274
1149,11,98.7899999999998,0.01,8.058889887386695
1150,1,-0.06999999999999851,0.01,5.158266332414415
1151,32,306.86000000000183,0.01,7.549962462884205
1152,16,148.99000000000012,0.01,7.436625086655051
1153,20,188.0300000000003,0.01,7.513944279163256
1154,7,59.43000000000001,0.01,7.91456466454726
1155,15,138.57999999999993,0.01,7.084140036679521
1156,22,208.0900000000005,0.01,6.940926879365867
1157,26,247.22000000000156,0.01,6.6767882925565125
1158,12,108.95999999999978,0.01,6.782903512318929
1159,23,218.2400000000006,0.01,7.398456023931503
1160,19,178.44000000000045,0.01,7.366915093226866
1161,17,158.89999999999992,0.01,7.67926025390625
1162,20,188.49000000000063,0.01,7.370938037717065
1163,25,237.6000000000011,0.01,7.129727340282354
1164,23,217.90000000000038,0.01,7.244519637181209
1165,17,158.5100000000001,0.01,6.593372436340697
1166,20,188.30000000000024,0.01,7.117176039680761
1167,14,128.57999999999998,0.01,7.184419753445182
1168,16,148.74000000000012,0.01,6.657262428657158
1169,20,188.41000000000037,0.01,7.679294659031762
1170,24,228.1100000000007,0.01,6.771565036238911
1171,2,9.829999999999995,0.01,6.0182859897613525
1172,21,198.0900000000004,0.01,7.671967303808866
1173,26,247.5000000000013,0.01,7.181829378492996
1174,7,59.620000000000005,0.01,7.704729287520699
1175,15,138.62000000000023,0.01,7.269654767853873
1176,23,218.1500000000006,0.01,7.275074945112165
1177,17,158.5700000000001,0.01,6.298980519638299
1178,28,267.4400000000015,0.01,7.671464681625366
1179,19,178.39000000000033,0.01,7.050446946317979
1180,17,158.38000000000022,0.01,7.321171171135372
1181,14,128.75999999999993,0.01,7.12162888821938
1182,16,148.90000000000023,0.01,6.661005979447853
1183,26,247.81000000000103,0.01,7.38719024406216
1184,13,119.04999999999984,0.01,7.561245861403439
1185,22,208.44000000000028,0.01,8.029546182248845
1186,13,119.10999999999981,0.01,7.275073588473125
1187,11,99.06999999999981,0.01,7.69317657720475
1188,20,188.10000000000042,0.01,7.0640541467621425
1189,12,108.8799999999998,0.01,7.720426210403442
1190,27,257.4900000000009,0.01,7.300728866276348
1191,12,108.86999999999976,0.01,7.470052064411224
1192,17,158.44000000000028,0.01,7.901570350274272
1193,15,138.62000000000006,0.01,7.795739526872511
1194,22,208.25000000000054,0.01,7.7540622660608
1195,16,149.02000000000007,0.01,7.651716333886851
1196,37,356.0000000000027,0.01,7.138326533308857
1197,27,257.9400000000006,0.01,7.714965767330593
1198,36,346.1500000000026,0.01,7.730938526691419
1199,28,267.66000000000133,0.01,7.634710388491816
1200,22,208.1200000000006,0.01,7.495651107263791
1201,13,119.12999999999982,0.01,7.005737011975581
1202,16,148.5700000000001,0.01,7.271798214316368
1203,23,218.19000000000057,0.01,7.561506067834249
1204,16,148.54000000000005,0.01,7.502287623341098
1205,19,178.40000000000038,0.01,7.095564456780751
1206,8,69.41999999999996,0.01,8.025433465616027
1207,4,29.67999999999998,0.01,7.981935294898781
1208,22,207.9800000000007,0.01,7.160356825192769
1209,13,118.87999999999977,0.01,7.149262714007544
1210,18,168.4200000000003,0.01,7.22036702080635
1211,16,148.98999999999984,0.01,7.385404008930013
1212,12,109.02999999999975,0.01,7.140803917971525
1213,41,396.17000000000274,0.01,7.1610618653016935
1214,7,59.44000000000001,0.01,6.748147923499346
1215,24,228.16000000000065,0.01,7.008401740681041
1216,23,217.75000000000063,0.01,7.24354712455627
1217,20,188.92000000000027,0.01,7.939587530239608
1218,8,69.45999999999997,0.01,8.081363053548904
1219,32,306.6600000000018,0.01,7.445832243407454
1220,10,89.16999999999983,0.01,7.207977845313701
1221,16,148.64000000000013,0.01,8.149060110640681
1222,26,247.84000000000083,0.01,7.764641720571635
1223,23,218.02000000000066,0.01,7.707521227028993
1224,14,128.77999999999986,0.01,7.677824603380078
1225,17,158.72000000000003,0.01,6.851015244444755
1226,23,217.88000000000054,0.01,7.280800166776625
1227,15,138.77000000000007,0.01,7.294693873082991
1228,28,267.6400000000011,0.01,7.308819226498874
1229,24,227.5400000000015,0.01,7.358078534312794
1230,17,158.48999999999995,0.01,7.586531253961416
1231,17,158.78000000000014,0.01,7.087169434343066
1232,18,168.82000000000025,0.01,7.559769456403969
1233,20,188.94000000000017,0.01,7.48054133625481
1234,11,99.24999999999984,0.01,8.287418913567203
1235,11,99.06999999999984,0.01,7.5976859501429965
1236,22,208.20000000000044,0.01,7.45743725452517
1237,11,99.44999999999989,0.01,8.336992605408625
1238,8,69.22,0.01,7.440570527109607
1239,23,217.9600000000005,0.01,7.048089373007155
1240,17,158.40000000000026,0.01,7.529080222161968
1241,21,198.22000000000037,0.01,7.51662016749382
1242,8,69.15999999999993,0.01,7.365223302636095
1243,22,208.16000000000062,0.01,7.273649954565482
1244,22,208.34000000000026,0.01,7.224177427392788
1245,32,307.3700000000016,0.01,7.394901474585405
1246,18,168.51000000000028,0.01,6.964723036402748
1247,14,128.95000000000002,0.01,7.136009931564331
1248,21,198.50000000000054,0.01,6.6294121513533035
1249,2,9.889999999999997,0.01,7.113986594336374
1250,26,247.51000000000124,0.01,7.29967920417371
1251,14,128.70999999999992,0.01,7.230552299155129
1252,23,217.67000000000098,0.01,7.1429310930378245
1253,25,237.88000000000102,0.01,7.320708919973934
1254,4,29.589999999999982,0.01,7.715925019720326
1255,18,168.62000000000018,0.01,6.926039814189741
1256,14,128.99999999999986,0.01,7.366926234701405
1257,21,198.4900000000007,0.01,7.423428547864704
1258,26,248.16000000000065,0.01,7.117514508595399
1259,17,158.26000000000016,0.01,6.720613167310755
1260,14,128.82999999999984,0.01,7.797481670524135
1261,30,287.31000000000114,0.01,7.200040549039841
1262,24,228.15000000000038,0.01,7.000080267588298
1263,23,217.8300000000007,0.01,7.903014966561092
1264,21,198.4000000000002,0.01,7.290275918258415
1265,23,217.88000000000068,0.01,7.6412910010855075
1266,12,109.37999999999991,0.01,8.188320614496867
1267,13,118.97999999999985,0.01,7.420672940796819
1268,18,168.23000000000013,0.01,7.897829383003469
1269,13,119.1699999999999,0.01,7.667508545610094
1270,26,247.27000000000112,0.01,7.192776610851288
1271,8,69.51,0.01,7.021877136723749
1272,10,89.21999999999989,0.01,7.494923195142425
1273,10,89.2599999999999,0.01,6.937487027224372
1274,28,267.310000000001,0.01,7.462900360158626
1275,35,337.0300000000013,0.01,7.236380851304567
1276,11,99.41999999999983,0.01,7.940956217902047
1277,20,188.47000000000057,0.01,6.89588369994328
1278,8,69.31000000000002,0.01,7.668749210162041
1279,15,138.91000000000003,0.01,7.129808750152588
1280,17,158.65999999999997,0.01,7.220598749424282
1281,9,79.38999999999996,0.01,8.35312633783045
1282,26,247.66000000000076,0.01,7.466418545364877
1283,20,188.58000000000027,0.01,7.536784224714969
1284,5,39.45000000000001,0.01,7.694486547688969
1285,13,118.97999999999976,0.01,7.887703930509502
1286,15,139.08000000000004,0.01,7.455528433676119
1287,2,9.81999999999999,0.01,8.42870010648455
1288,13,118.82999999999993,0.01,6.894655584379007
1289,28,267.4400000000015,0.01,7.506898724823667
1290,27,257.53000000000094,0.01,7.338533692793413
1291,17,158.4800000000002,0.01,6.797095137483933
1292,10,89.13999999999993,0.01,6.755342544968595
1293,1,-0.0600000000000005,0.01,7.535702586174011
1294,22,207.9800000000006,0.01,6.842692029741075
1295,16,148.53000000000017,0.01,7.435530495352861
1296,15,138.79000000000002,0.01,7.294683585201737
1297,0,-10.1,0.01,5.810456687753851
1298,17,158.5400000000001,0.01,6.796036442605461
1299,14,128.8699999999999,0.01,7.186705961823463
1300,15,138.79000000000005,0.01,6.656963083865869
1301,12,109.42999999999988,0.01,7.270081669943673
1302,22,207.80000000000075,0.01,7.480337179246753
1303,17,158.44000000000025,0.01,6.780616943863617
1304,1,-0.08000000000000007,0.01,6.787906789779663
1305,18,168.6100000000001,0.01,6.685447335243225
1306,20,188.19000000000054,0.01,7.018167925353097
1307,30,287.54000000000127,0.01,6.9516939479951825
1308,31,297.29000000000144,0.01,7.390223944541251
1309,5,39.540000000000006,0.01,6.905083041924697
1310,18,168.25000000000026,0.01,6.977394539056365
1311,11,98.9899999999998,0.01,6.674160216761901
1312,12,109.12999999999984,0.01,6.871447660923004
1313,16,148.36000000000013,0.01,6.809324032693937
1314,30,287.3300000000012,0.01,6.60342739572461
1315,22,207.82000000000062,0.01,7.0156885538853055
1316,29,277.49000000000103,0.01,6.714904649401899
1317,16,148.90999999999997,0.01,6.68910202904353
1318,15,138.9699999999999,0.01,7.188194775781712
1319,9,79.23999999999994,0.01,7.910632823788842
1320,15,138.66000000000008,0.01,7.220983727773031
1321,31,296.69000000000136,0.01,7.707410989714063
1322,12,109.09999999999978,0.01,6.7662970441059
1323,13,119.13999999999987,0.01,7.248886461257935
1324,24,228.4200000000004,0.01,7.5195802326410845
1325,19,178.42000000000024,0.01,6.738776264565714
1326,10,89.23999999999987,0.01,6.724751872577887
1327,25,237.9500000000009,0.01,6.69870824215216
1328,20,188.29000000000053,0.01,6.954765751957893
1329,16,148.50000000000014,0.01,8.084158620434607
1330,20,188.52000000000032,0.01,6.985872487344685
1331,11,99.12999999999985,0.01,7.034540301621562
1332,19,178.44,0.01,8.1085984476588
1333,22,208.08000000000044,0.01,6.381451661087746
1334,24,228.0200000000003,0.01,7.064061033351539
1335,17,158.7100000000002,0.01,7.477770091725045
1336,26,248.1000000000007,0.01,7.17244799345869
1337,13,119.17999999999995,0.01,7.669566574196021
1338,19,178.09000000000057,0.01,7.616613793712092
1339,8,69.50999999999998,0.01,6.759756955607184
1340,17,158.77999999999992,0.01,7.0396424991743904
1341,22,207.84000000000088,0.01,6.779570669309863
1342,15,138.7,0.01,7.160736956824995
1343,14,128.75999999999976,0.01,7.399148081704009
1344,21,198.1900000000006,0.01,7.195974890234435
1345,21,198.33000000000013,0.01,7.314106560258008
1346,5,39.739999999999995,0.01,8.706220664083958
1347,8,69.46999999999993,0.01,7.874182043537017
1348,15,138.84999999999985,0.01,7.704626745850075
1349,26,247.6100000000007,0.01,8.145981570831815
1350,20,188.23000000000036,0.01,7.30743465881155
1351,13,119.31999999999994,0.01,7.603860189275044
1352,26,247.23000000000116,0.01,7.645273586637096
1353,10,89.33999999999996,0.01,6.431895513039131
1354,15,138.75999999999982,0.01,7.226828534262521
1355,15,139.14,0.01,7.799434804448895
1356,20,188.13000000000045,0.01,7.558682795900565
1357,20,188.2700000000005,0.01,7.7039347014476345
1358,14,128.68999999999988,0.01,6.867267504130324
1359,14,128.77999999999992,0.01,6.835278161250762
1360,20,188.21000000000038,0.01,7.309856576919556
1361,27,257.50000000000114,0.01,7.181784702719544
1362,8,69.38999999999999,0.01,7.3622152056012835
1363,16,148.73000000000022,0.01,7.229475456807348
1364,28,267.84000000000094,0.01,7.408250602410764
1365,18,168.57000000000022,0.01,7.223543596856388
1366,16,148.92999999999995,0.01,7.6279903611829205
1367,20,188.32000000000065,0.01,7.604521922964268
1368,14,128.88000000000014,0.01,6.692135797710869
1369,11,99.36999999999988,0.01,7.753188298543294
1370,22,208.1100000000005,0.01,6.854735100044395
1371,22,208.19000000000074,0.01,7.331265800139484
1372,20,188.48000000000036,0.01,7.467867366151314
1373,15,138.57999999999996,0.01,7.539321742480314
1374,23,218.03000000000065,0.01,7.156776824148532
1375,22,207.76000000000056,0.01,6.796170378503529
1376,21,198.35000000000036,0.01,7.284742419094963
1377,28,268.1400000000009,0.01,7.781522844004076
1378,13,118.99999999999994,0.01,7.700697658354776
1379,13,119.0299999999998,0.01,6.878391736262554
1380,20,188.32000000000025,0.01,6.8001248722984675
1381,12,109.17999999999988,0.01,6.94294393439042
1382,20,188.11000000000047,0.01,7.589840937796093
1383,14,128.94,0.01,7.560175633627521
1384,7,59.38999999999997,0.01,7.647819667622663
1385,30,287.1900000000013,0.01,7.012703642631188
1386,21,198.27000000000015,0.01,7.060791679529044
1387,18,168.44000000000014,0.01,7.415557986668178
1388,24,227.9800000000008,0.01,7.453936111559427
1389,24,227.83000000000058,0.01,7.367513804396322
1390,8,69.28000000000003,0.01,6.95094499764619
1391,19,178.6200000000003,0.01,7.558432515663437
1392,18,168.42000000000024,0.01,6.1263092459931885
1393,30,287.71000000000106,0.01,6.9759869025303765
1394,4,29.699999999999974,0.01,7.870200347900391
1395,16,148.6799999999999,0.01,6.959894250703338
1396,30,287.4500000000012,0.01,6.938833882758668
1397,22,208.25000000000065,0.01,7.4542338161757495
1398,16,148.93000000000012,0.01,6.78417694376361
1399,14,128.84999999999985,0.01,6.999137687683105
1400,17,158.35000000000014,0.01,7.35397491950155
1401,22,208.21000000000063,0.01,7.044311187054851
1402,15,138.61999999999998,0.01,7.924863967028531
1403,35,336.2300000000023,0.01,7.083606327994395
1404,4,29.769999999999982,0.01,6.513241836002895
1405,12,109.26999999999988,0.01,7.218593841375307
1406,31,296.80000000000143,0.01,7.025890442119404
1407,10,89.2999999999999,0.01,7.750519137323638
1408,17,158.65,0.01,7.501158988553714
1409,21,198.15000000000046,0.01,6.781305043593697
1410,14,129.00999999999982,0.01,6.002175669921072
1411,31,297.10000000000133,0.01,6.918900389849029
1412,30,287.15000000000157,0.01,7.414080155046681
1413,33,316.85000000000184,0.01,7.26934592703352
1414,4,29.539999999999978,0.01,7.772946194106457
1415,21,198.54000000000048,0.01,7.991489278418677
1416,5,39.71,0.01,7.565147883551461
1417,5,39.669999999999995,0.01,7.9106577054048195
1418,22,208.18000000000035,0.01,7.739576547901805
1419,10,89.05999999999982,0.01,7.053190506072271
1420,17,158.56999999999994,0.01,6.964211940765381
1421,8,69.1799999999999,0.01,6.806626136486347
1422,19,178.4400000000002,0.01,7.011408915573901
1423,16,148.64000000000007,0.01,6.999611588085399
1424,14,128.96,0.01,7.45975383990953
1425,10,89.27999999999997,0.01,7.6108666644038925
1426,21,198.25000000000026,0.01,7.146723802924761
1427,18,168.48000000000016,0.01,7.7346091953634515
1428,25,238.4000000000006,0.01,7.865299936263792
1429,17,158.67000000000024,0.01,7.743076583407572
1430,29,276.97000000000156,0.01,7.308564912091504
1431,22,207.74000000000098,0.01,7.669421646010924
1432,35,337.00000000000165,0.01,7.44107059247437
1433,25,237.6700000000011,0.01,7.8672721008536435
1434,13,118.85999999999979,0.01,7.620232108980417
1435,9,79.29999999999988,0.01,7.716354310512543
1436,20,188.32000000000068,0.01,7.423632131051765
1437,20,188.26000000000045,0.01,7.425442153979571
1438,16,148.71000000000004,0.01,7.453765277993189
1439,11,99.03999999999985,0.01,7.771436196786386
1440,16,148.50000000000028,0.01,7.144228989492634
1441,24,227.98000000000073,0.01,7.721777614517884
1442,22,208.04000000000053,0.01,7.104174820255471
1443,13,118.5800000000001,0.01,7.531341731548309
1444,2,9.830000000000002,0.01,9.46881914138794
1445,15,138.63000000000005,0.01,7.60633833891426
1446,11,99.20999999999984,0.01,7.867352695255489
1447,12,109.14999999999989,0.01,7.1530333124861425
1448,17,158.52000000000027,0.01,7.726185670818191
1449,23,217.850000000001,0.01,7.670846697675633
1450,8,69.33999999999992,0.01,7.855994081497192
1451,7,59.33,0.01,6.682619374593099
1452,15,138.85000000000005,0.01,7.406600979448275
1453,19,178.4900000000004,0.01,7.505231464118288
1454,20,188.28000000000029,0.01,7.380655906361001
1455,25,237.5100000000008,0.01,7.122481272437356
1456,14,128.87999999999988,0.01,7.043514281745971
1457,26,248.11000000000087,0.01,7.1686848413061215
1458,14,128.97999999999996,0.01,7.455626628337762
1459,22,207.6800000000007,0.01,7.296704190385108
1460,25,238.25000000000068,0.01,7.478578268592037
1461,15,138.82999999999993,0.01,6.931123835699899
1462,19,178.34000000000026,0.01,7.0835632213982205
1463,10,89.25999999999996,0.01,7.331335020065308
1464,21,198.25000000000034,0.01,7.155269200426673
1465,15,138.72999999999996,0.01,7.612252233745335
1466,16,148.40000000000003,0.01,7.256839690235375
1467,19,178.26000000000016,0.01,7.5203072213635
1468,2,9.920000000000002,0.01,8.11331389167092
1469,23,218.4500000000007,0.01,7.7283526279406844
1470,22,208.31000000000023,0.01,7.145523464928071
1471,21,197.95000000000053,0.01,6.8845667534462685
1472,11,99.02999999999983,0.01,7.013451119081689
1473,28,267.53000000000134,0.01,6.80426907280217
1474,8,69.5,0.01,8.137643923193721
1475,8,69.74,0.01,8.181170633860997
1476,21,198.40000000000043,0.01,7.090140895529108
1477,16,148.68999999999983,0.01,7.705649082725112
1478,26,248.10000000000082,0.01,7.083244876378143
1479,20,188.20000000000044,0.01,7.110558704357242
1480,4,29.599999999999994,0.01,7.29522950384352
1481,21,197.60000000000014,0.01,6.788489261656317
1482,18,168.66000000000025,0.01,7.05730704622331
1483,22,207.80000000000092,0.01,7.407862059863997
1484,1,-0.15999999999999837,0.01,5.630255685912238
1485,34,326.8600000000017,0.01,7.508626066169629
1486,32,306.5400000000017,0.01,7.547137227096155
1487,11,98.93999999999986,0.01,6.667053935891491
1488,15,138.52000000000018,0.01,6.671022569260946
1489,17,158.31000000000034,0.01,6.913516331483973
1490,19,178.16000000000042,0.01,7.164798259735107
1491,20,188.46000000000032,0.01,6.801231846128191
1492,36,346.3900000000024,0.01,7.231095517700042
1493,19,178.11000000000055,0.01,7.115608193657615
1494,20,188.4100000000003,0.01,7.256354159779018
1495,17,158.49000000000015,0.01,6.679830810022072
1496,20,188.28000000000037,0.01,7.1414744557494325
1497,11,98.8099999999997,0.01,7.159150962611191
1498,17,158.51999999999998,0.01,7.81273450765265
1499,17,158.72000000000008,0.01,7.758362946444994
1500,15,138.57999999999998,0.01,7.746271104752263
1501,13,119.09999999999997,0.01,6.949743419885635
1502,17,158.61000000000024,0.01,7.614791916434172
1503,15,138.48000000000002,0.01,7.3679810137975785
1504,15,138.4600000000001,0.01,7.363190439168145
1505,22,208.34000000000037,0.01,6.978838219213738
1506,22,208.00000000000074,0.01,6.844837086083109
1507,2,9.829999999999998,0.01,6.293449354171753
1508,9,79.36999999999992,0.01,6.99531974204599
1509,16,148.82000000000033,0.01,6.858710363176134
1510,15,139.10999999999993,0.01,6.875400899705433
1511,15,138.3699999999998,0.01,7.142446215592283
1512,32,307.0800000000014,0.01,6.8864950374456555
1513,28,267.0700000000012,0.01,6.8988678955143286
1514,29,277.790000000001,0.01,6.914161798963509
1515,19,178.72000000000008,0.01,7.314225644678683
1516,19,178.7800000000002,0.01,7.184043355391059
1517,24,227.7100000000009,0.01,7.30571672860093
1518,20,188.36000000000044,0.01,7.92580657134185
1519,19,178.55000000000024,0.01,7.185000215877186
1520,9,79.22999999999996,0.01,7.559403148190729
1521,7,59.44999999999996,0.01,7.192802656264532
1522,14,128.6699999999999,0.01,7.562355486122337
1523,16,148.55,0.01,7.541009371663317
1524,21,198.6100000000003,0.01,7.269672239789311
1525,18,168.59000000000012,0.01,7.272025513648987
1526,22,207.7200000000007,0.01,7.492678150237794
1527,20,187.62000000000074,0.01,7.15338780659046
1528,21,198.35000000000028,0.01,7.449811707205951
1529,18,168.33000000000033,0.01,8.007404926002666
1530,25,237.67000000000093,0.01,7.35719244084303
1531,19,178.52000000000007,0.01,7.239099867287136
1532,27,257.6400000000009,0.01,7.2188351858745925
1533,14,129.12999999999997,0.01,7.609637718574674
1534,10,89.12999999999985,0.01,6.692018821531413
1535,2,9.77,0.01,8.56842772777264
1536,24,228.28000000000063,0.01,7.40215873597237
1537,10,89.06999999999984,0.01,7.218168244912074
1538,10,89.08999999999992,0.01,6.819095062274559
1539,18,168.49000000000026,0.01,7.696938248241649
1540,15,138.79000000000002,0.01,7.47679930707834
1541,12,109.05999999999989,0.01,6.930321550814905
1542,17,158.52000000000004,0.01,6.7990574276590925
1543,26,247.92000000000064,0.01,7.005447493208216
1544,19,178.3600000000006,0.01,7.348797864240149
1545,26,247.86000000000104,0.01,7.653342404306183
1546,14,128.98999999999987,0.01,7.243483964739175
1547,19,178.68000000000035,0.01,7.511878865329843
1548,19,178.73000000000016,0.01,7.423811990387586
1549,20,188.05000000000055,0.01,7.715079176205176
1550,12,109.1899999999999,0.01,7.752987557269157
1551,8,69.57999999999998,0.01,8.039560215145935
1552,19,178.35000000000025,0.01,7.743410097586142
1553,8,69.46000000000001,0.01,7.499332545295594
1554,15,138.57,0.01,7.929216951694128
1555,19,178.16000000000037,0.01,7.058939056069243
1556,3,19.619999999999976,0.01,7.110746094158718
1557,13,118.79999999999978,0.01,7.446906237459895
1558,20,188.4000000000005,0.01,7.231860172682704
1559,30,287.5000000000015,0.01,7.744995594024658
1560,24,228.34000000000052,0.01,7.6966416236617805
1561,24,227.80000000000098,0.01,7.565046228681292
1562,25,237.58000000000084,0.01,6.9961629305312885
1563,8,69.50999999999995,0.01,7.465823366724211
1564,19,178.28000000000048,0.01,6.887693506975968
1565,12,109.03999999999976,0.01,7.166056453634839
1566,2,9.79,0.01,7.112978160381317
1567,12,109.16999999999979,0.01,6.866071691115697
1568,34,327.40000000000146,0.01,7.537373460753489
1569,17,158.5900000000004,0.01,7.085482490887432
1570,9,79.30999999999995,0.01,7.232295492027379
1571,17,158.81000000000023,0.01,7.274875889729409
1572,23,218.1400000000005,0.01,6.982640977132888
1573,28,267.1100000000015,0.01,7.775551612272203
1574,41,396.58000000000203,0.01,6.950829681629936
1575,29,277.53000000000105,0.01,7.212531884224406
1576,26,247.36000000000132,0.01,6.963405446088601
1577,17,158.5000000000004,0.01,6.885765041623797
1578,16,148.72999999999996,0.01,6.975639866458045
1579,28,267.680000000001,0.01,6.889399311094905
1580,17,158.32999999999998,0.01,6.607825119430954
1581,17,158.10000000000008,0.01,7.280922566468899
1582,13,119.23999999999984,0.01,6.855372216966417
1583,21,198.16000000000065,0.01,7.078015916555831
1584,24,228.00000000000065,0.01,6.851236197153727
1585,25,238.0800000000007,0.01,7.352188940441937
1586,25,237.7600000000005,0.01,6.977758500099182
1587,17,158.35000000000016,0.01,6.887167521513225
1588,20,188.7900000000002,0.01,6.623319185955424
1589,25,238.04000000000076,0.01,7.151142644452619
1590,8,69.41000000000001,0.01,7.195584321723265
1591,29,277.33000000000135,0.01,7.038021212073689
1592,12,109.27999999999982,0.01,7.084697928148158
1593,17,158.24000000000012,0.01,6.553897405408092
1594,27,257.81000000000097,0.01,7.2112853189229
1595,27,258.23000000000076,0.01,7.2839283036022655
1596,22,208.43000000000077,0.01,6.761090449492136
1597,23,218.19000000000082,0.01,6.792053079605102
1598,21,198.47000000000025,0.01,7.165538057599749
1599,22,208.00000000000057,0.01,6.86114512537627
1600,27,258.0400000000008,0.01,6.792657946901662
1601,15,138.95000000000007,0.01,7.3103371592592605
1602,17,158.66000000000003,0.01,7.119555652141571
1603,28,267.580000000001,0.01,7.085875249876747
1604,25,237.92000000000056,0.01,7.066187980847481
1605,15,138.92999999999998,0.01,7.272426244689197
1606,18,169.04000000000028,0.01,7.263624989468118
1607,33,317.12000000000137,0.01,7.054181824559751
1608,24,228.04000000000093,0.01,7.329689995735479
1609,28,267.89000000000095,0.01,7.34894879758358
1610,14,128.77999999999983,0.01,7.557094072773509
1611,18,168.28000000000003,0.01,7.891606287182314
1612,5,39.11,0.01,7.380053796266255
1613,19,178.25000000000034,0.01,7.3015325375092335
1614,5,39.64,0.01,7.475430488586426
1615,13,118.99999999999977,0.01,8.091639485275536
1616,6,49.58000000000001,0.01,7.548304051769023
1617,20,188.2800000000006,0.01,7.820022595361107
1618,18,168.37000000000052,0.01,7.384854514520247
1619,12,108.98999999999977,0.01,7.385992978748522
1620,11,99.20999999999981,0.01,7.206079517092023
1621,21,198.3800000000003,0.01,7.461243817339772
1622,9,78.95999999999992,0.01,7.394080212241725
1623,26,247.6800000000011,0.01,7.604147037484011
1624,25,237.530000000001,0.01,7.101538372563792
1625,15,138.95999999999992,0.01,7.508279565970103
1626,21,197.97000000000062,0.01,7.35139402601454
1627,23,217.81000000000085,0.01,7.221398078855664
1628,17,158.94999999999993,0.01,7.227414499453412
1629,14,128.8499999999998,0.01,7.64092410160945
1630,23,218.16000000000062,0.01,6.951241550537256
1631,24,227.37000000000083,0.01,7.036370881729656
1632,22,208.67000000000036,0.01,6.675979412519014
1633,18,168.73999999999984,0.01,7.479469680786133
1634,28,267.03000000000145,0.01,6.624666902916563
1635,12,109.10999999999979,0.01,6.996616321451524
1636,22,208.36000000000027,0.01,7.100770358733315
1637,17,158.45999999999998,0.01,7.246407379937726
1638,10,89.24999999999986,0.01,7.461565660875897
1639,10,89.14999999999985,0.01,7.581034742295742
1640,16,148.60000000000005,0.01,6.8187755460192445
1641,17,158.88000000000017,0.01,7.1099041480284475
1642,13,118.93999999999974,0.01,7.1290402988592785
1643,31,297.40000000000094,0.01,7.522369097356927
1644,12,108.92999999999991,0.01,6.812979344526926
1645,29,276.68000000000177,0.01,6.879726800470721
1646,27,257.37000000000126,0.01,7.347794608971507
1647,28,267.32000000000136,0.01,7.071005639002379
1648,19,178.52000000000032,0.01,6.7383877748534795
1649,6,49.32,0.01,7.4156734657287595
1650,28,267.25000000000136,0.01,7.163254446104953
1651,23,218.28000000000065,0.01,7.053547777691666
1652,4,29.419999999999995,0.01,7.375110463490562
1653,4,29.61,0.01,6.613203996961767
1654,21,198.13000000000042,0.01,7.603988674839147
1655,13,118.8499999999998,0.01,7.628151544304782
1656,17,158.40000000000055,0.01,6.767827946148562
1657,26,247.9900000000007,0.01,6.723974493511936
1658,23,218.3500000000005,0.01,6.364790122975748
1659,25,237.390000000001,0.01,6.819117074228745
1660,33,316.5000000000021,0.01,7.240535636122028
1661,24,227.93000000000083,0.01,6.9710726614656116
1662,23,218.38000000000045,0.01,6.875171866468204
1663,32,306.86000000000166,0.01,7.280110860077036
1664,18,168.70000000000016,0.01,6.740639965006169
1665,36,346.7300000000019,0.01,6.869615474900047
1666,3,19.85999999999999,0.01,6.624601271417406
1667,8,69.39999999999996,0.01,7.3524088859558105
1668,10,89.07999999999977,0.01,6.828553368744341
1669,24,227.93000000000058,0.01,6.568430618993167
1670,28,267.50000000000114,0.01,6.704110854842757
1671,25,237.7900000000011,0.01,6.678114954759235
1672,6,49.359999999999985,0.01,7.388189292289842
1673,33,316.500000000002,0.01,6.917751593515277
1674,28,266.60000000000167,0.01,6.624745067865222
1675,12,109.1099999999998,0.01,7.023225393949771
1676,21,198.06000000000046,0.01,7.546660414448491
1677,21,198.6400000000002,0.01,7.026308495787125
1678,19,178.62000000000018,0.01,7.289990524702434
1679,20,188.3800000000003,0.01,7.271482156274097
1680,27,257.56000000000137,0.01,7.12342138237813
1681,39,376.78000000000196,0.01,6.746841163595737
1682,19,178.41000000000034,0.01,6.814442892980309
1683,10,89.25999999999998,0.01,7.590042103038114
1684,17,158.76999999999998,0.01,6.759441414623396
1685,18,168.46000000000026,0.01,7.1190978708983845
1686,20,187.9200000000004,0.01,7.185442196750224
1687,33,316.6500000000018,0.01,7.177104443392456
1688,16,148.3699999999999,0.01,7.349287067519294
1689,9,79.14999999999984,0.01,7.1581482510817676
1690,22,208.19000000000028,0.01,6.878209632985732
1691,15,139.07999999999998,0.01,6.608585589461857
1692,26,248.1900000000005,0.01,6.612452225043223
1693,21,198.02000000000066,0.01,7.103681112419475
1694,12,109.22999999999989,0.01,7.326451230049133
1695,16,148.71000000000004,0.01,7.058167942582744
1696,23,218.49000000000044,0.01,6.878099306651524
1697,19,177.65000000000077,0.01,6.5827206574234305
1698,19,178.6000000000002,0.01,6.8408496752381325
1699,10,89.09999999999982,0.01,6.340410208938145
1700,24,228.3800000000008,0.01,6.244359171964268
1701,22,207.9500000000005,0.01,6.865973580301854
1702,14,128.94000000000003,0.01,7.517996736794464
1703,37,356.1600000000024,0.01,6.6939091705033
1704,17,158.86000000000007,0.01,6.995325850717949
1705,32,307.0800000000014,0.01,6.752859479464018
1706,22,208.16000000000048,0.01,7.278225967849511
1707,10,89.15999999999988,0.01,6.880953251688104
1708,21,197.99000000000058,0.01,6.9309310335749466
1709,20,188.28000000000043,0.01,6.56577182063167
1710,28,267.2000000000015,0.01,7.379537784551726
1711,19,178.11000000000027,0.01,6.601828173016817
1712,12,109.20999999999992,0.01,6.671426550201748
1713,13,118.93999999999983,0.01,6.758440575997034
1714,9,79.13999999999986,0.01,6.539744071662426
1715,16,148.09000000000015,0.01,6.67406184054338
1716,22,208.4000000000005,0.01,6.529653436499215
1717,15,139.09999999999985,0.01,6.857358661462676
1718,17,159.0100000000002,0.01,6.349755488909208
1719,3,19.549999999999958,0.01,6.755135414551716
1720,6,49.53999999999999,0.01,7.5190937024242475
1721,18,168.43000000000012,0.01,6.883075062524188
1722,18,168.14000000000044,0.01,6.879250638077899
1723,14,129.00999999999993,0.01,6.388583816980061
1724,24,228.1800000000007,0.01,7.427072667845206
1725,28,267.3300000000015,0.01,6.7875756693852916
1726,17,158.63000000000008,0.01,7.066949498268865
1727,29,277.69000000000096,0.01,7.2934308116006665
1728,18,168.86,0.01,6.955848663373101
1729,19,178.16000000000028,0.01,7.149341270035388
1730,23,217.8300000000006,0.01,6.868025254411816
1731,10,89.35999999999993,0.01,6.779331741333007
1732,29,278.06000000000085,0.01,6.624792712607554
1733,23,218.0600000000009,0.01,6.8896538620695065
1734,14,128.79999999999978,0.01,6.857259259400545
1735,25,237.97000000000077,0.01,7.042520561593069
1736,22,208.01000000000036,0.01,6.6883515388042
1737,14,128.73999999999984,0.01,6.895655517037033
1738,9,79.28999999999992,0.01,6.307887595376851
1739,21,198.05000000000064,0.01,6.470956184897005
1740,14,128.90999999999985,0.01,6.640012925670993
1741,15,138.95000000000005,0.01,6.463666913923153
1742,17,158.43000000000035,0.01,6.733225705283028
1743,24,227.72000000000094,0.01,6.463876533885247
1744,12,109.14999999999979,0.01,5.910867504927577
1745,4,29.65999999999999,0.01,5.8146757712731
1746,17,158.4500000000001,0.01,6.498972539267788
1747,27,257.6600000000008,0.01,6.864679756055351
1748,13,119.01999999999981,0.01,7.32011564714568
1749,25,237.79000000000062,0.01,6.976592118923481
1750,7,59.40999999999997,0.01,6.32928818375317
1751,23,218.11000000000055,0.01,7.227527784069939
1752,2,9.899999999999999,0.01,5.6719656724196215
1753,16,148.70000000000005,0.01,6.760506910531699
1754,21,198.6700000000003,0.01,6.705294252211048
1755,9,79.02999999999989,0.01,7.622745469351795
1756,22,208.07000000000085,0.01,7.0661424718521255
1757,15,138.3599999999998,0.01,7.0639711949560375
1758,23,218.44000000000034,0.01,6.98267576429579
1759,11,98.83999999999978,0.01,6.8848224356770515
1760,29,277.5600000000012,0.01,6.932129998276704
1761,24,227.9200000000006,0.01,6.68049250754164
1762,18,168.5300000000002,0.01,7.058425331690225
1763,4,29.61999999999997,0.01,7.429198531217353
1764,25,237.61000000000104,0.01,7.0932908939865404
1765,28,267.1100000000016,0.01,7.020001565885244
1766,25,237.70000000000118,0.01,7.1846316969022155
1767,8,69.49999999999999,0.01,7.0915106151063565
1768,20,188.20000000000027,0.01,7.125110155314355
1769,18,168.6400000000002,0.01,7.265167593186901
1770,13,119.12999999999985,0.01,6.891123337320762
1771,19,178.55000000000038,0.01,6.498341216463031
1772,15,138.87,0.01,7.87072090769923
1773,18,168.6300000000001,0.01,6.613502520781297
1774,31,296.63000000000136,0.01,7.103076642121726
1775,16,148.67000000000016,0.01,7.106430492401123
1776,17,158.84000000000015,0.01,7.713520279571192
1777,15,138.58999999999986,0.01,6.874393247495032
1778,15,138.77,0.01,6.1155481184129235
1779,12,109.2999999999998,0.01,6.529315994446536
1780,28,267.6700000000011,0.01,6.566744784362443
1781,13,119.19999999999987,0.01,7.016369015612501
1782,9,79.21999999999993,0.01,7.242045169526881
1783,25,237.8600000000006,0.01,6.923277502258618
1784,13,118.98999999999984,0.01,7.027159253410671
1785,19,178.5800000000003,0.01,6.927731798018939
1786,7,59.369999999999976,0.01,7.520957147571402
1787,31,297.1700000000015,0.01,7.209098153644138
1788,15,138.64999999999986,0.01,7.421033936620548
1789,2,9.739999999999988,0.01,6.624282388851561
1790,18,168.2700000000002,0.01,7.01960626989603
1791,14,128.6099999999998,0.01,7.05593250479017
1792,17,158.56,0.01,7.464335412154963
1793,24,227.460000000001,0.01,6.949537825840776
1794,26,247.8000000000011,0.01,6.969857258352674
1795,24,227.73000000000087,0.01,6.932058985744204
1796,15,138.90999999999985,0.01,7.323011819839477
1797,15,138.75999999999993,0.01,7.8518316251891
1798,24,227.94000000000082,0.01,7.423681873263734
1799,20,188.32000000000033,0.01,7.2191624982016425
1800,15,138.5499999999996,0.01,7.270139033749977
1801,8,69.52999999999999,0.01,6.477681641067777
1802,12,109.01999999999981,0.01,6.908432410643981
1803,22,208.0600000000008,0.01,7.343967163068358
1804,24,228.3700000000007,0.01,7.628932807039707
1805,24,227.7500000000008,0.01,6.910380332946778
1806,28,267.97000000000105,0.01,7.135586076769336
1807,25,237.3500000000011,0.01,7.434074648467126
1808,18,168.53000000000011,0.01,7.726133551942297
1809,16,148.7100000000003,0.01,6.993349241883787
1810,28,267.65000000000094,0.01,6.772075736161434
1811,30,286.6400000000019,0.01,6.892793557949222
1812,25,237.96000000000055,0.01,7.26701469939688
1813,12,108.7599999999998,0.01,6.64489143260204
1814,9,79.05999999999995,0.01,7.00701288993542
1815,15,139.0400000000001,0.01,7.6191238803522925
1816,9,79.28999999999998,0.01,7.298097089484886
1817,21,197.96000000000043,0.01,7.101719340391918
1818,6,49.61,0.01,7.809743243715038
1819,10,89.2999999999999,0.01,6.840800408963804
1820,19,178.42999999999995,0.01,6.738117952804781
1821,23,218.22000000000048,0.01,7.2786468739556796
1822,21,198.26000000000062,0.01,7.526050512887994
1823,16,148.81999999999994,0.01,6.80376697646247
1824,20,188.27000000000058,0.01,7.388399232294142
1825,29,276.9800000000014,0.01,7.098577883947327
1826,28,267.590000000001,0.01,7.206924344875194
1827,12,109.21999999999983,0.01,7.028978643836556
1828,20,188.06000000000046,0.01,6.493821629812551
1829,12,109.07999999999983,0.01,7.4926723275865825
1830,24,228.09000000000074,0.01,7.204129696996124
1831,21,198.34000000000046,0.01,6.968026979172484
1832,13,118.92999999999978,0.01,6.837504424339484
1833,21,198.35000000000048,0.01,6.479992717345131
1834,28,267.19000000000125,0.01,7.292548277301173
1835,20,188.28000000000046,0.01,7.201396466536843
1836,19,178.41000000000008,0.01,6.375192481046282
1837,15,138.4000000000001,0.01,6.845801723274318
1838,30,287.0800000000013,0.01,6.6922276643776675
1839,17,158.68000000000026,0.01,6.69382061958313
1840,20,188.08000000000067,0.01,6.503612823889289
1841,22,208.14000000000087,0.01,6.752047805694872
1842,1,-0.08999999999999986,0.01,4.879006602547386
1843,10,89.2999999999999,0.01,7.08403311541051
1844,14,128.7399999999999,0.01,7.343690963501626
1845,6,49.60000000000001,0.01,6.882510185241699
1846,18,168.2700000000002,0.01,7.447374874105056
1847,27,258.0500000000007,0.01,7.320534295565344
1848,10,89.31999999999991,0.01,6.881901632381391
1849,30,287.4700000000013,0.01,7.171043275947302
1850,15,138.55999999999997,0.01,7.281341303884983
1851,18,168.7000000000002,0.01,6.969236757931293
1852,31,297.1600000000015,0.01,7.12474748001823
1853,16,148.69000000000005,0.01,6.836007712660609
1854,5,39.72000000000002,0.01,8.491828497718362
1855,22,207.84000000000097,0.01,7.0616692728577295
1856,23,218.32000000000056,0.01,7.159146533658107
1857,9,79.20999999999988,0.01,6.349344082092971
1858,10,89.18999999999983,0.01,6.7692129741544305
1859,9,79.40999999999988,0.01,7.045037628947824
1860,19,178.18000000000055,0.01,7.156007618007093
1861,34,326.2000000000022,0.01,7.238227882442704
1862,20,188.1700000000006,0.01,6.779482625278772
1863,20,187.92000000000053,0.01,6.9715252994970465
1864,13,119.0199999999999,0.01,7.352551266551018
1865,11,99.01999999999983,0.01,6.923535732789473
1866,18,168.5400000000002,0.01,6.712885028665716
1867,26,247.81000000000068,0.01,6.88753368117945
1868,22,207.79000000000062,0.01,6.577748281056763
1869,10,89.1499999999998,0.01,6.774188093841076
1870,12,109.2299999999998,0.01,6.857044018639458
1871,30,287.2700000000012,0.01,6.998166874051094
1872,14,129.10999999999996,0.01,6.847677622850124
1873,21,197.89000000000073,0.01,6.966738591378339
1874,26,247.390000000001,0.01,6.857891220185492
1875,20,187.79000000000065,0.01,7.013031504370949
1876,5,39.68000000000001,0.01,6.341570622042606
1877,23,217.9800000000006,0.01,6.929176119576513
1878,22,208.58000000000047,0.01,6.997366273041927
1879,22,207.8200000000007,0.01,6.758447557069454
1880,8,69.35999999999996,0.01,7.0066975012217485
1881,21,198.04000000000045,0.01,7.32022620778565
1882,8,69.22999999999996,0.01,6.829484878584396
1883,10,89.31999999999992,0.01,7.085458483877061
1884,32,307.2400000000011,0.01,6.660784867203351
1885,10,89.45999999999994,0.01,6.868925710824819
1886,32,307.33000000000106,0.01,6.70208328406016
1887,18,168.71000000000004,0.01,7.120046974839391
1888,19,178.35000000000034,0.01,7.007066074577538
1889,19,178.1900000000001,0.01,7.20704100025234
1890,17,158.7200000000003,0.01,7.121955122033211
1891,9,79.12999999999985,0.01,6.761174691092108
1892,17,158.80000000000015,0.01,7.015895301017208
1893,25,238.03000000000088,0.01,6.691140389763186
1894,11,98.91999999999976,0.01,6.487103076775869
1895,18,168.73000000000013,0.01,7.377845801719247
1896,23,218.27000000000035,0.01,6.646484745335458
1897,9,79.11999999999988,0.01,6.667184019575314
1898,21,198.12000000000023,0.01,7.297184038162231
1899,16,148.68000000000006,0.01,7.098142334278798
1900,31,297.590000000001,0.01,7.838884154518882
1901,12,109.05999999999979,0.01,6.812204779865586
1902,9,79.36999999999989,0.01,7.114503915995767
1903,20,188.1600000000004,0.01,6.7533061678816635
1904,11,99.30999999999983,0.01,7.760815717555858
1905,16,148.39999999999998,0.01,6.856979535797895
1906,19,178.55000000000007,0.01,7.337831832423355
1907,25,237.68000000000123,0.01,7.061797547710034
1908,23,218.30000000000035,0.01,7.492095116487484
1909,10,89.32999999999984,0.01,7.494883919373537
1910,18,168.4200000000002,0.01,6.852469001112684
1911,21,198.4300000000002,0.01,7.066900582286898
1912,21,198.30000000000072,0.01,6.940403251598279
1913,12,109.0199999999998,0.01,6.9579912896628855
1914,18,168.74,0.01,6.7460891148139694
1915,20,188.51000000000028,0.01,6.951210208500133
1916,10,89.1999999999999,0.01,7.105845163156698
1917,16,148.55000000000047,0.01,6.932038067299643
1918,11,99.41999999999986,0.01,7.627050934519087
1919,30,287.39000000000124,0.01,7.472357930385903
1920,17,158.82000000000016,0.01,7.0727439698051
1921,24,227.86000000000064,0.01,7.676656021732666
1922,26,247.27000000000123,0.01,7.147911018530528
1923,19,178.29000000000025,0.01,6.730366593256047
1924,12,109.13999999999972,0.01,7.061937799357405
1925,16,148.75999999999996,0.01,7.005271414492992
1926,26,247.61000000000115,0.01,7.076498403585047
1927,1,-0.09999999999999964,0.01,7.109641075134277
1928,12,109.07999999999974,0.01,6.9310212816510886
1929,3,19.859999999999985,0.01,6.399092978901333
1930,2,9.789999999999985,0.01,6.946938345829646
1931,23,218.04000000000045,0.01,6.93134077462283
1932,21,198.24000000000046,0.01,7.275956326060825
1933,3,19.759999999999984,0.01,6.86686886208398
1934,24,227.77000000000035,0.01,7.210597000775799
1935,28,267.63000000000085,0.01,7.171608171068636
1936,20,187.91000000000054,0.01,6.879014653744905
1937,19,178.09000000000046,0.01,6.609354695437644
1938,7,59.17999999999999,0.01,7.0330784241358435
1939,10,89.28999999999992,0.01,6.413232588186497
1940,23,217.3800000000012,0.01,6.750316462316714
1941,18,168.48000000000027,0.01,7.019292781227513
1942,20,188.7800000000003,0.01,6.825746351188713
1943,22,208.04000000000084,0.01,7.15720913508167
1944,23,218.53000000000043,0.01,6.996319136424371
1945,8,69.48999999999998,0.01,6.733073735237122
1946,14,128.65999999999997,0.01,6.403666486676108
1947,12,108.92999999999982,0.01,7.2339803040027615
1948,32,307.2500000000015,0.01,7.276716635211722
1949,16,148.84000000000003,0.01,7.01584033499983
1950,20,188.18000000000035,0.01,7.596779483879728
1951,13,119.08999999999983,0.01,7.141939760389782
1952,3,19.699999999999964,0.01,6.77198131645427
1953,24,227.8400000000007,0.01,7.129807405946661
1954,11,99.19999999999986,0.01,6.17468610017196
1955,22,207.7800000000006,0.01,7.46936166140498
1956,21,198.0700000000004,0.01,7.430076286404632
1957,12,108.79999999999968,0.01,6.706885950905936
1958,20,188.13000000000056,0.01,6.768061984043855
1959,13,118.4999999999998,0.01,7.044617338878353
1960,16,148.32999999999987,0.01,6.951563772947892
1961,28,267.2300000000012,0.01,7.27406403130176
1962,16,148.49000000000024,0.01,7.225946670486813
1963,3,19.719999999999978,0.01,6.841873914003372
1964,24,227.5500000000009,0.01,7.765900375224926
1965,15,139.21000000000004,0.01,6.913404406999287
1966,19,178.43000000000038,0.01,7.023780249606418
1967,0,-10.05,0.01,9.687942663828531
1968,24,227.94000000000068,0.01,7.1740232411917155
1969,29,277.28000000000134,0.01,7.176556640902892
1970,14,128.77999999999994,0.01,6.66684504582064
1971,21,198.26000000000062,0.01,6.78799111380869
1972,14,128.85999999999984,0.01,6.935584737348926
1973,10,89.0899999999999,0.01,7.199351525774189
1974,10,89.14999999999988,0.01,6.72114131351312
1975,29,277.6200000000011,0.01,7.274858410678693
1976,24,228.3100000000008,0.01,7.2506374157581135
1977,23,218.0400000000008,0.01,6.836966898224571
1978,27,257.93000000000063,0.01,6.667971982347204
1979,25,237.42000000000104,0.01,6.934558089350311
1980,20,188.57000000000045,0.01,6.761138045206303
1981,12,108.82999999999977,0.01,7.009526331608112
1982,24,227.8400000000007,0.01,6.936187170353173
1983,9,79.30999999999992,0.01,7.170873762686042
1984,20,188.65000000000032,0.01,7.1382356484731035
1985,24,227.62000000000086,0.01,6.810032040447337
1986,6,49.28000000000006,0.01,7.8204908793485615
1987,22,208.22000000000043,0.01,7.251923472134035
1988,17,158.72000000000023,0.01,6.910873839299973
1989,34,327.5600000000013,0.01,6.481573395404337
1990,25,237.43000000000092,0.01,6.478380783707851
1991,15,138.74999999999994,0.01,6.513715196163096
1992,19,178.55000000000013,0.01,7.037613769011064
1993,26,247.68000000000086,0.01,6.966854460911401
1994,20,188.92000000000013,0.01,7.1901870864306305
1995,30,287.6200000000011,0.01,7.112459580694432
1996,19,178.37000000000046,0.01,6.915092427873872
1997,20,188.15000000000043,0.01,7.265109836476521
1998,1,-0.0600000000000005,0.01,5.480121731758118
1999,22,208.2500000000006,0.01,6.7008200980196095
2000,23,218.14000000000078,0.01,6.860466470037188
